model,task,delta,reference_n,n_star,status,reference_minus_n_star,ci95_low,ci95_high,one_sided_ucb95,available_candidate_scales,largest_minus_previous,plateau_status,plateau_conclusion,evidence_scope
Phi-4-mini-instruct,T1a_ACRONYM,0.01,2000,1000.0,IDENTIFIED,0.0011111111111110998,-0.008888888888888889,0.011111111111111112,0.01,1000,0.0011111111111110998,REFERENCE_PLATEAU_COMPATIBLE,,limited_two_point_replication
Phi-4-mini-instruct,T1a_ACRONYM,0.02,2000,1000.0,IDENTIFIED,0.0011111111111110998,-0.008888888888888889,0.011111111111111112,0.01,1000,0.0011111111111110998,REFERENCE_PLATEAU_COMPATIBLE,,limited_two_point_replication
Phi-4-mini-instruct,T1a_ACRONYM,0.03,2000,1000.0,IDENTIFIED,0.0011111111111110998,-0.008888888888888889,0.011111111111111112,0.01,1000,0.0011111111111110998,REFERENCE_PLATEAU_COMPATIBLE,,limited_two_point_replication
Phi-4-mini-instruct,T1a_ACRONYM,0.05,2000,1000.0,IDENTIFIED,0.0011111111111110998,-0.008888888888888889,0.011111111111111112,0.01,1000,0.0011111111111110998,REFERENCE_PLATEAU_COMPATIBLE,,limited_two_point_replication
Phi-4-mini-instruct,T2_NUMERIC,0.01,3678,3000.0,IDENTIFIED,0.0033333333333332993,0.0,0.007777777777777778,0.006666666666666667,3000,0.0033333333333332993,REFERENCE_PLATEAU_COMPATIBLE,,limited_two_point_replication
Phi-4-mini-instruct,T2_NUMERIC,0.02,3678,3000.0,IDENTIFIED,0.0033333333333332993,0.0,0.007777777777777778,0.006666666666666667,3000,0.0033333333333332993,REFERENCE_PLATEAU_COMPATIBLE,,limited_two_point_replication
Phi-4-mini-instruct,T2_NUMERIC,0.03,3678,3000.0,IDENTIFIED,0.0033333333333332993,0.0,0.007777777777777778,0.006666666666666667,3000,0.0033333333333332993,REFERENCE_PLATEAU_COMPATIBLE,,limited_two_point_replication
Phi-4-mini-instruct,T2_NUMERIC,0.05,3678,3000.0,IDENTIFIED,0.0033333333333332993,0.0,0.007777777777777778,0.006666666666666667,3000,0.0033333333333332993,REFERENCE_PLATEAU_COMPATIBLE,,limited_two_point_replication
Phi-4-mini-instruct,T3_CLAIM,0.01,2286,,NOT_REACHED,,,,,2000,-0.005688282138794132,REFERENCE_PLATEAU_COMPATIBLE,,limited_two_point_replication
Phi-4-mini-instruct,T3_CLAIM,0.02,2286,2000.0,IDENTIFIED,-0.005688282138794132,-0.031854379977246876,0.015927189988623438,0.013651877133105802,2000,-0.005688282138794132,REFERENCE_PLATEAU_COMPATIBLE,,limited_two_point_replication
Phi-4-mini-instruct,T3_CLAIM,0.03,2286,2000.0,IDENTIFIED,-0.005688282138794132,-0.031854379977246876,0.015927189988623438,0.013651877133105802,2000,-0.005688282138794132,REFERENCE_PLATEAU_COMPATIBLE,,limited_two_point_replication
Phi-4-mini-instruct,T3_CLAIM,0.05,2286,2000.0,IDENTIFIED,-0.005688282138794132,-0.031854379977246876,0.015927189988623438,0.013651877133105802,2000,-0.005688282138794132,REFERENCE_PLATEAU_COMPATIBLE,,limited_two_point_replication
Qwen2.5-3B-Instruct,T1a_ACRONYM,0.01,2000,,NOT_REACHED,,,,,100;250;500;1000,0.01000000000000012,REFERENCE_PLATEAU_COMPATIBLE,,full_frozen_scale_grid
Qwen2.5-3B-Instruct,T1a_ACRONYM,0.02,2000,1000.0,IDENTIFIED,0.01,0.0011111111111111,0.0188888888888888,0.0177777777777777,100;250;500;1000,0.01000000000000012,REFERENCE_PLATEAU_COMPATIBLE,,full_frozen_scale_grid
Qwen2.5-3B-Instruct,T1a_ACRONYM,0.03,2000,1000.0,IDENTIFIED,0.01,0.0011111111111111,0.0188888888888888,0.0177777777777777,100;250;500;1000,0.01000000000000012,REFERENCE_PLATEAU_COMPATIBLE,,full_frozen_scale_grid
Qwen2.5-3B-Instruct,T1a_ACRONYM,0.05,2000,500.0,IDENTIFIED,0.0222222222222222,0.0088888888888888,0.0377777777777777,0.0344444444444444,100;250;500;1000,0.01000000000000012,REFERENCE_PLATEAU_COMPATIBLE,,full_frozen_scale_grid
Qwen2.5-3B-Instruct,T2_NUMERIC,0.01,3678,3000.0,IDENTIFIED,-0.001111111111111,-0.0088888888888888,0.0066666666666666,0.0055555555555555,100;250;500;1000;2000;3000,-0.0011111111111111738,REFERENCE_PLATEAU_COMPATIBLE,,full_frozen_scale_grid
Qwen2.5-3B-Instruct,T2_NUMERIC,0.02,3678,3000.0,IDENTIFIED,-0.001111111111111,-0.0088888888888888,0.0066666666666666,0.0055555555555555,100;250;500;1000;2000;3000,-0.0011111111111111738,REFERENCE_PLATEAU_COMPATIBLE,,full_frozen_scale_grid
Qwen2.5-3B-Instruct,T2_NUMERIC,0.03,3678,2000.0,IDENTIFIED,0.0122222222222222,0.0022222222222222,0.0222222222222222,0.0211111111111111,100;250;500;1000;2000;3000,-0.0011111111111111738,REFERENCE_PLATEAU_COMPATIBLE,,full_frozen_scale_grid
Qwen2.5-3B-Instruct,T2_NUMERIC,0.05,3678,1000.0,IDENTIFIED,0.0333333333333333,0.0211111111111111,0.0466666666666666,0.0444444444444444,100;250;500;1000;2000;3000,-0.0011111111111111738,REFERENCE_PLATEAU_COMPATIBLE,,full_frozen_scale_grid
Qwen2.5-3B-Instruct,T3_CLAIM,0.01,2286,,NOT_REACHED,,,,,100;250;500;1000;2000,0.10580204778156999,REFERENCE_NOT_PLATEAUED,PLATEAU_NOT_IDENTIFIED_WITHIN_AVAILABLE_POOL,full_frozen_scale_grid
Qwen2.5-3B-Instruct,T3_CLAIM,0.02,2286,,NOT_REACHED,,,,,100;250;500;1000;2000,0.10580204778156999,REFERENCE_NOT_PLATEAUED,PLATEAU_NOT_IDENTIFIED_WITHIN_AVAILABLE_POOL,full_frozen_scale_grid
Qwen2.5-3B-Instruct,T3_CLAIM,0.03,2286,,NOT_REACHED,,,,,100;250;500;1000;2000,0.10580204778156999,REFERENCE_NOT_PLATEAUED,PLATEAU_NOT_IDENTIFIED_WITHIN_AVAILABLE_POOL,full_frozen_scale_grid
Qwen2.5-3B-Instruct,T3_CLAIM,0.05,2286,,NOT_REACHED,,,,,100;250;500;1000;2000,0.10580204778156999,REFERENCE_NOT_PLATEAUED,PLATEAU_NOT_IDENTIFIED_WITHIN_AVAILABLE_POOL,full_frozen_scale_grid
