EM,NEM,case_insensitive_normalized_em,generation_hit_max_new_tokens_count,instances,long_form_containment_rate,scale,seed,target_containment_rate,task,template_id,runtime_seconds,input_tokens_processed,assistant_target_tokens_processed,numeric_value_containment_rate,operator_preservation_accuracy,operator_preservation_instances,unit_preservation_accuracy,unit_preservation_instances,claim_containment_rate,condition_preservation_accuracy,condition_preservation_instances,negation_preservation_accuracy,negation_preservation_instances,token_f1,token_precision,token_recall,uncertainty_preservation_accuracy,uncertainty_preservation_instances
0.9366666666666666,0.9366666666666666,0.9366666666666666,0,300,0.96,1000,42,0.96,T1a_ACRONYM,TEMPLATE_0_PRIMARY,742.5471725000025,910419,19785,,,,,,,,,,,,,,,
0.9266666666666666,0.9266666666666666,0.9266666666666666,0,300,0.9566666666666667,1000,42,0.9566666666666667,T1a_ACRONYM,TEMPLATE_1,742.5471725000025,910419,19785,,,,,,,,,,,,,,,
0.9266666666666666,0.9266666666666666,0.93,0,300,0.9566666666666667,1000,42,0.9566666666666667,T1a_ACRONYM,TEMPLATE_2,742.5471725000025,910419,19785,,,,,,,,,,,,,,,
0.93,0.93,0.9333333333333333,0,300,0.9533333333333334,1000,271828,0.9533333333333334,T1a_ACRONYM,TEMPLATE_0_PRIMARY,726.9687692999942,910419,19785,,,,,,,,,,,,,,,
0.93,0.93,0.93,0,300,0.9566666666666667,1000,271828,0.9566666666666667,T1a_ACRONYM,TEMPLATE_1,726.9687692999942,910419,19785,,,,,,,,,,,,,,,
0.93,0.93,0.9333333333333333,0,300,0.9566666666666667,1000,271828,0.9566666666666667,T1a_ACRONYM,TEMPLATE_2,726.9687692999942,910419,19785,,,,,,,,,,,,,,,
0.93,0.93,0.93,0,300,0.9533333333333334,1000,314159,0.9533333333333334,T1a_ACRONYM,TEMPLATE_0_PRIMARY,755.2999787000008,910419,19785,,,,,,,,,,,,,,,
0.9233333333333333,0.9233333333333333,0.9233333333333333,0,300,0.9533333333333334,1000,314159,0.9533333333333334,T1a_ACRONYM,TEMPLATE_1,755.2999787000008,910419,19785,,,,,,,,,,,,,,,
0.9166666666666666,0.9166666666666666,0.92,0,300,0.94,1000,314159,0.94,T1a_ACRONYM,TEMPLATE_2,755.2999787000008,910419,19785,,,,,,,,,,,,,,,
0.9366666666666666,0.9366666666666666,0.9366666666666666,0,300,0.96,2000,42,0.96,T1a_ACRONYM,TEMPLATE_0_PRIMARY,2784.3438876,1798716,39396,,,,,,,,,,,,,,,
0.9366666666666666,0.9366666666666666,0.94,0,300,0.9566666666666667,2000,42,0.9566666666666667,T1a_ACRONYM,TEMPLATE_1,2784.3438876,1798716,39396,,,,,,,,,,,,,,,
0.9333333333333333,0.9333333333333333,0.9366666666666666,0,300,0.9566666666666667,2000,42,0.9566666666666667,T1a_ACRONYM,TEMPLATE_2,2784.3438876,1798716,39396,,,,,,,,,,,,,,,
0.9333333333333333,0.9333333333333333,0.9366666666666666,0,300,0.96,2000,271828,0.96,T1a_ACRONYM,TEMPLATE_0_PRIMARY,1430.9883959,1798716,39396,,,,,,,,,,,,,,,
0.94,0.94,0.9433333333333334,0,300,0.9633333333333334,2000,271828,0.9633333333333334,T1a_ACRONYM,TEMPLATE_1,1430.9883959,1798716,39396,,,,,,,,,,,,,,,
0.9266666666666666,0.9266666666666666,0.93,0,300,0.9533333333333334,2000,271828,0.9533333333333334,T1a_ACRONYM,TEMPLATE_2,1430.9883959,1798716,39396,,,,,,,,,,,,,,,
0.93,0.93,0.93,0,300,0.9566666666666667,2000,314159,0.9566666666666667,T1a_ACRONYM,TEMPLATE_0_PRIMARY,1461.7041692999992,1798716,39396,,,,,,,,,,,,,,,
0.9366666666666666,0.9366666666666666,0.9366666666666666,0,300,0.9633333333333334,2000,314159,0.9633333333333334,T1a_ACRONYM,TEMPLATE_1,1461.7041692999992,1798716,39396,,,,,,,,,,,,,,,
0.9366666666666666,0.9366666666666666,0.94,0,300,0.96,2000,314159,0.96,T1a_ACRONYM,TEMPLATE_2,1461.7041692999992,1798716,39396,,,,,,,,,,,,,,,
0.99,0.99,,0,300,,3000,42,1.0,T2_NUMERIC,TEMPLATE_0_PRIMARY,2018.2063523000033,2391804,43230,1.0,1.0,4.0,0.9932432432432432,296.0,,,,,,,,,,
0.99,0.99,,0,300,,3000,42,1.0,T2_NUMERIC,TEMPLATE_1,2018.2063523000033,2391804,43230,1.0,1.0,4.0,0.9932432432432432,296.0,,,,,,,,,,
0.99,0.99,,0,300,,3000,42,1.0,T2_NUMERIC,TEMPLATE_2,2018.2063523000033,2391804,43230,1.0,1.0,4.0,0.9932432432432432,296.0,,,,,,,,,,
0.99,0.99,,0,300,,3000,271828,1.0,T2_NUMERIC,TEMPLATE_0_PRIMARY,4331.600989099999,2391804,43230,1.0,1.0,4.0,0.9898648648648649,296.0,,,,,,,,,,
0.99,0.99,,0,300,,3000,271828,1.0,T2_NUMERIC,TEMPLATE_1,4331.600989099999,2391804,43230,1.0,1.0,4.0,0.9898648648648649,296.0,,,,,,,,,,
0.9866666666666667,0.9866666666666667,,0,300,,3000,271828,1.0,T2_NUMERIC,TEMPLATE_2,4331.600989099999,2391804,43230,1.0,1.0,4.0,0.9864864864864865,296.0,,,,,,,,,,
0.99,0.99,,0,300,,3000,314159,1.0,T2_NUMERIC,TEMPLATE_0_PRIMARY,1987.5104457000052,2391804,43230,1.0,1.0,4.0,0.9898648648648649,296.0,,,,,,,,,,
0.99,0.99,,0,300,,3000,314159,1.0,T2_NUMERIC,TEMPLATE_1,1987.5104457000052,2391804,43230,1.0,1.0,4.0,0.9898648648648649,296.0,,,,,,,,,,
0.99,0.99,,0,300,,3000,314159,1.0,T2_NUMERIC,TEMPLATE_2,1987.5104457000052,2391804,43230,1.0,1.0,4.0,0.9898648648648649,296.0,,,,,,,,,,
0.9933333333333333,0.9933333333333333,,0,300,,3678,42,1.0,T2_NUMERIC,TEMPLATE_0_PRIMARY,7530.433773500001,2930892,53220,1.0,1.0,4.0,0.9932432432432432,296.0,,,,,,,,,,
0.9933333333333333,0.9933333333333333,,0,300,,3678,42,1.0,T2_NUMERIC,TEMPLATE_1,7530.433773500001,2930892,53220,1.0,1.0,4.0,0.9932432432432432,296.0,,,,,,,,,,
0.9933333333333333,0.9933333333333333,,0,300,,3678,42,1.0,T2_NUMERIC,TEMPLATE_2,7530.433773500001,2930892,53220,1.0,1.0,4.0,0.9932432432432432,296.0,,,,,,,,,,
0.9933333333333333,0.9933333333333333,,0,300,,3678,271828,1.0,T2_NUMERIC,TEMPLATE_0_PRIMARY,2489.477015999997,2930892,53220,1.0,1.0,4.0,0.9932432432432432,296.0,,,,,,,,,,
0.9933333333333333,0.9933333333333333,,0,300,,3678,271828,1.0,T2_NUMERIC,TEMPLATE_1,2489.477015999997,2930892,53220,1.0,1.0,4.0,0.9932432432432432,296.0,,,,,,,,,,
0.9933333333333333,0.9933333333333333,,0,300,,3678,271828,1.0,T2_NUMERIC,TEMPLATE_2,2489.477015999997,2930892,53220,1.0,1.0,4.0,0.9932432432432432,296.0,,,,,,,,,,
0.9933333333333333,0.9933333333333333,,0,300,,3678,314159,1.0,T2_NUMERIC,TEMPLATE_0_PRIMARY,2504.505936399997,2930892,53220,1.0,1.0,4.0,0.9932432432432432,296.0,,,,,,,,,,
0.9933333333333333,0.9933333333333333,,0,300,,3678,314159,1.0,T2_NUMERIC,TEMPLATE_1,2504.505936399997,2930892,53220,1.0,1.0,4.0,0.9932432432432432,296.0,,,,,,,,,,
0.9933333333333333,0.9933333333333333,,0,300,,3678,314159,1.0,T2_NUMERIC,TEMPLATE_2,2504.505936399997,2930892,53220,1.0,1.0,4.0,0.9932432432432432,296.0,,,,,,,,,,
0.9283276450511946,0.9283276450511946,,1,293,,2000,42,0.9351535836177475,T3_CLAIM,TEMPLATE_0_PRIMARY,2213.059455100003,3355293,267714,,,,,,0.9351535836177475,0.9494949494949495,99.0,0.9523809523809523,21.0,0.9536990365944824,0.9561770980765449,0.9578392301848934,1.0,39.0
0.9249146757679181,0.9249146757679181,,0,293,,2000,42,0.9351535836177475,T3_CLAIM,TEMPLATE_1,2213.059455100003,3355293,267714,,,,,,0.9351535836177475,0.9494949494949495,99.0,0.9523809523809523,21.0,0.9526184098027636,0.9542221728415767,0.9567137361623821,1.0,39.0
0.8771331058020477,0.8771331058020477,,1,293,,2000,42,0.8873720136518771,T3_CLAIM,TEMPLATE_2,2213.059455100003,3355293,267714,,,,,,0.8873720136518771,0.8484848484848485,99.0,0.9523809523809523,21.0,0.9126884697049127,0.9167837273573455,0.9192235211715163,1.0,39.0
0.9283276450511946,0.9283276450511946,,0,293,,2000,271828,0.9351535836177475,T3_CLAIM,TEMPLATE_0_PRIMARY,2210.13686530001,3355293,267714,,,,,,0.9351535836177475,0.9090909090909091,99.0,0.9523809523809523,21.0,0.9553022418500884,0.9621790740849754,0.9549248198677783,1.0,39.0
0.9283276450511946,0.9283276450511946,,0,293,,2000,271828,0.9351535836177475,T3_CLAIM,TEMPLATE_1,2210.13686530001,3355293,267714,,,,,,0.9351535836177475,0.9191919191919192,99.0,0.9523809523809523,21.0,0.9528607125398236,0.9576992755318511,0.9555013476111291,1.0,39.0
0.8532423208191127,0.8532423208191127,,2,293,,2000,271828,0.8600682593856656,T3_CLAIM,TEMPLATE_2,2210.13686530001,3355293,267714,,,,,,0.8600682593856656,0.8484848484848485,99.0,0.9047619047619048,21.0,0.8971430022796715,0.902199209048368,0.8993644698493326,0.8974358974358975,39.0
0.9215017064846417,0.9215017064846417,,0,293,,2000,314159,0.9385665529010239,T3_CLAIM,TEMPLATE_0_PRIMARY,3297.5413499999995,3355293,267714,,,,,,0.9385665529010239,0.9191919191919192,99.0,0.9523809523809523,21.0,0.9543589707962836,0.9550681495289689,0.9588670893022868,0.9743589743589743,39.0
0.9283276450511946,0.9283276450511946,,0,293,,2000,314159,0.9419795221843004,T3_CLAIM,TEMPLATE_1,3297.5413499999995,3355293,267714,,,,,,0.9419795221843004,0.9292929292929293,99.0,0.9523809523809523,21.0,0.9558755115548241,0.956109049431015,0.9619380739981831,0.9743589743589743,39.0
0.6996587030716723,0.6996587030716723,,3,293,,2000,314159,0.7064846416382252,T3_CLAIM,TEMPLATE_2,3297.5413499999995,3355293,267714,,,,,,0.7064846416382252,0.7474747474747475,99.0,0.7619047619047619,21.0,0.7666706541111936,0.7738176514210882,0.7732254915815601,0.6666666666666666,39.0
0.8976109215017065,0.8976109215017065,,0,293,,2286,42,0.9078498293515358,T3_CLAIM,TEMPLATE_0_PRIMARY,4701.581916800002,3855858,304791,,,,,,0.9078498293515358,0.898989898989899,99.0,0.9047619047619048,21.0,0.9333299330839925,0.9361025621813244,0.9379445222505424,1.0,39.0
0.89419795221843,0.89419795221843,,1,293,,2286,42,0.9044368600682594,T3_CLAIM,TEMPLATE_1,4701.581916800002,3855858,304791,,,,,,0.9044368600682594,0.898989898989899,99.0,0.9047619047619048,21.0,0.9325503765629408,0.9342025821310116,0.9387537741257606,0.9743589743589743,39.0
0.8737201365187713,0.8737201365187713,,0,293,,2286,42,0.8839590443686007,T3_CLAIM,TEMPLATE_2,4701.581916800002,3855858,304791,,,,,,0.8839590443686007,0.8888888888888888,99.0,0.8571428571428571,21.0,0.9166767456389143,0.9197955592993433,0.9221382545685829,0.9487179487179487,39.0
0.931740614334471,0.931740614334471,,0,293,,2286,271828,0.9419795221843004,T3_CLAIM,TEMPLATE_0_PRIMARY,2525.1539678000117,3855858,304791,,,,,,0.9419795221843004,0.9393939393939394,99.0,0.9047619047619048,21.0,0.960809232893819,0.9644789944601462,0.9612840856907192,1.0,39.0
0.9215017064846417,0.9215017064846417,,0,293,,2286,271828,0.931740614334471,T3_CLAIM,TEMPLATE_1,2525.1539678000117,3855858,304791,,,,,,0.931740614334471,0.9494949494949495,99.0,0.9047619047619048,21.0,0.953179665189569,0.9554912365142422,0.9555849205502422,0.9743589743589743,39.0
0.9215017064846417,0.9215017064846417,,0,293,,2286,271828,0.931740614334471,T3_CLAIM,TEMPLATE_2,2525.1539678000117,3855858,304791,,,,,,0.931740614334471,0.9191919191919192,99.0,0.9047619047619048,21.0,0.9533044684851315,0.9567185608174756,0.9546842330906011,0.9743589743589743,39.0
0.931740614334471,0.931740614334471,,0,293,,2286,314159,0.9453924914675768,T3_CLAIM,TEMPLATE_0_PRIMARY,4806.067027099998,3855858,304791,,,,,,0.9453924914675768,0.9494949494949495,99.0,0.9523809523809523,21.0,0.965088590922179,0.968289357780671,0.9655311011495444,1.0,39.0
0.9283276450511946,0.9283276450511946,,0,293,,2286,314159,0.9385665529010239,T3_CLAIM,TEMPLATE_1,4806.067027099998,3855858,304791,,,,,,0.9385665529010239,0.9494949494949495,99.0,0.9523809523809523,21.0,0.9598419450047042,0.9637268466099678,0.9605713945807889,1.0,39.0
0.89419795221843,0.89419795221843,,1,293,,2286,314159,0.9010238907849829,T3_CLAIM,TEMPLATE_2,4806.067027099998,3855858,304791,,,,,,0.9010238907849829,0.9292929292929293,99.0,0.9523809523809523,21.0,0.9289117764378766,0.9319189123805907,0.9340756744558567,0.9743589743589743,39.0
