row_type,budget,metric,view_a,view_b,estimate,ci_low,ci_high,raw_p,holm_p,bootstrap_replicates,statistical_role
view_estimate,512,BudgetCES,B1,,0.21749226006191952,0.19504643962848298,0.24071207430340558,,,10000,primary
view_estimate,512,BudgetCES,B2,,0.5023219814241486,0.47523219814241485,0.5301857585139319,,,10000,primary
view_estimate,512,BudgetCES,B3,,0.3893188854489164,0.36300309597523217,0.41640866873065013,,,10000,primary
view_estimate,1024,BudgetCES,B1,,0.39473684210526316,0.3684210526315789,0.4218266253869969,,,10000,primary
view_estimate,1024,BudgetCES,B2,,0.6501547987616099,0.6238390092879257,0.6764705882352942,,,10000,primary
view_estimate,1024,BudgetCES,B3,,0.5340557275541795,0.5069659442724458,0.5611455108359134,,,10000,primary
view_estimate,2048,BudgetCES,B1,,0.6075851393188855,0.5804953560371517,0.6346749226006192,,,10000,primary
view_estimate,2048,BudgetCES,B2,,0.8003095975232198,0.7786377708978328,0.8219814241486069,,,10000,primary
view_estimate,2048,BudgetCES,B3,,0.684984520123839,0.6602167182662538,0.7105263157894737,,,10000,primary
view_estimate,512,BudgetRecall,B1,,0.25744723327927665,0.23504244680328268,0.2805867686987076,,,10000,auxiliary
view_estimate,512,BudgetRecall,B2,,0.5727708558030783,0.5476069559864574,0.5975188968131112,,,10000,auxiliary
view_estimate,512,BudgetRecall,B3,,0.4421056088462802,0.4162599563850684,0.46791535615951046,,,10000,auxiliary
view_estimate,1024,BudgetRecall,B1,,0.4526109532881978,0.4270617697146335,0.47837472818074595,,,10000,auxiliary
view_estimate,1024,BudgetRecall,B2,,0.7244800125462502,0.7021215274855592,0.7463550550112082,,,10000,auxiliary
view_estimate,1024,BudgetRecall,B3,,0.5943326329040033,0.569031581562414,0.6195895602940729,,,10000,auxiliary
view_estimate,2048,BudgetRecall,B1,,0.6660122213527786,0.6416235790031263,0.6904206748488868,,,10000,auxiliary
view_estimate,2048,BudgetRecall,B2,,0.8713892736226531,0.8555831836428017,0.8869543731620071,,,10000,auxiliary
view_estimate,2048,BudgetRecall,B3,,0.7470684791780196,0.7253349126069917,0.7684261228418848,,,10000,auxiliary
pairwise_difference,512,BudgetCES,B1,B2,-0.2848297213622291,-0.3150348297213623,-0.2538699690402477,0.00019998000199980003,0.0017998200179982003,10000,primary
pairwise_difference,512,BudgetCES,B1,B3,-0.17182662538699692,-0.2020123839009288,-0.141640866873065,0.00019998000199980003,0.0017998200179982003,10000,primary
pairwise_difference,512,BudgetCES,B2,B3,0.1130030959752322,0.08900928792569662,0.13699690402476777,0.00019998000199980003,0.0017998200179982003,10000,primary
pairwise_difference,1024,BudgetCES,B1,B2,-0.25541795665634676,-0.2848297213622291,-0.22523219814241485,0.00019998000199980003,0.0017998200179982003,10000,primary
pairwise_difference,1024,BudgetCES,B1,B3,-0.1393188854489164,-0.16950464396284826,-0.10913312693498456,0.00019998000199980003,0.0017998200179982003,10000,primary
pairwise_difference,1024,BudgetCES,B2,B3,0.11609907120743033,0.09285990712074302,0.13931888544891635,0.00019998000199980003,0.0017998200179982003,10000,primary
pairwise_difference,2048,BudgetCES,B1,B2,-0.19272445820433437,-0.22058823529411764,-0.16563467492260053,0.00019998000199980003,0.0017998200179982003,10000,primary
pairwise_difference,2048,BudgetCES,B1,B3,-0.07739938080495357,-0.10448916408668729,-0.04951625386996923,0.00019998000199980003,0.0017998200179982003,10000,primary
pairwise_difference,2048,BudgetCES,B2,B3,0.1153250773993808,0.09365325077399389,0.13699690402476772,0.00019998000199980003,0.0017998200179982003,10000,primary
pairwise_difference,512,BudgetRecall,B1,B2,-0.31532362252380175,-0.34456564245042426,-0.28580708252830217,,,10000,auxiliary_ci_only
pairwise_difference,512,BudgetRecall,B1,B3,-0.18465837556700357,-0.21445884255222086,-0.15505235208118334,,,10000,auxiliary_ci_only
pairwise_difference,512,BudgetRecall,B2,B3,0.13066524695679818,0.10821805147941703,0.15320959199966647,,,10000,auxiliary_ci_only
pairwise_difference,1024,BudgetRecall,B1,B2,-0.27186905925805227,-0.29967770464603194,-0.2441780935019438,,,10000,auxiliary_ci_only
pairwise_difference,1024,BudgetRecall,B1,B3,-0.14172167961580542,-0.17027852225128987,-0.11305593146058766,,,10000,auxiliary_ci_only
pairwise_difference,1024,BudgetRecall,B2,B3,0.13014737964224685,0.1087985972897931,0.15136248317691314,,,10000,auxiliary_ci_only
pairwise_difference,2048,BudgetRecall,B1,B2,-0.2053770522698745,-0.23003735498745279,-0.18095744012677173,,,10000,auxiliary_ci_only
pairwise_difference,2048,BudgetRecall,B1,B3,-0.08105625782524103,-0.10646315702305492,-0.055287123736844745,,,10000,auxiliary_ci_only
pairwise_difference,2048,BudgetRecall,B2,B3,0.12432079444463344,0.10555019595557513,0.14326094801955877,,,10000,auxiliary_ci_only
