view,metric,old_value,new_value,absolute_difference,status
B1,ces@5,0.6888544891640866,0.6888544891640866,0.0,PASS
B1,hit@5,0.7964396284829721,0.7964396284829721,0.0,PASS
B1,recall@5,0.7418932181509581,0.7418932181509581,0.0,PASS
B1,mrr,0.5124459167575175,0.5124459167575175,0.0,PASS
B2,ces@5,0.5820433436532507,0.5820433436532507,0.0,PASS
B2,hit@5,0.7515479876160991,0.7515479876160991,0.0,PASS
B2,recall@5,0.6581372981751831,0.6581372981751831,0.0,PASS
B2,mrr,0.5502238426375613,0.5502238426375613,0.0,PASS
B3,ces@5,0.6222910216718266,0.6222910216718266,0.0,PASS
B3,hit@5,0.7546439628482973,0.7546439628482973,0.0,PASS
B3,recall@5,0.6889494962698482,0.6889494962698482,0.0,PASS
B3,mrr,0.5808919698626234,0.5808919698626234,0.0,PASS
