EM,NEM,case_insensitive_normalized_em,generation_hit_max_new_tokens_count,instances,long_form_containment_rate,scale,seed,target_containment_rate,task,template_id,matched_max_steps,processed_nonpadding_input_tokens,processed_assistant_target_tokens,samples_seen,effective_epochs,runtime_seconds,peak_gpu_memory_bytes,numeric_value_containment_rate,operator_preservation_accuracy,operator_preservation_instances,unit_preservation_accuracy,unit_preservation_instances,claim_containment_rate,condition_preservation_accuracy,condition_preservation_instances,negation_preservation_accuracy,negation_preservation_instances,token_f1,token_precision,token_recall,uncertainty_preservation_accuracy,uncertainty_preservation_instances
0.9466666666666667,0.9466666666666667,0.95,0,300,0.9633333333333334,2000,42,0.9633333333333334,T1a_ACRONYM,TEMPLATE_0_PRIMARY,375,1012396,17109,3000,1.5,504.23738589999994,10680437248,,,,,,,,,,,,,,,
0.9433333333333334,0.9433333333333334,0.9466666666666667,0,300,0.9633333333333334,2000,271828,0.9633333333333334,T1a_ACRONYM,TEMPLATE_0_PRIMARY,375,1025078,17098,3000,1.5,1043.6725557999998,10680437248,,,,,,,,,,,,,,,
0.94,0.94,0.94,1,300,0.96,2000,314159,0.96,T1a_ACRONYM,TEMPLATE_0_PRIMARY,375,1015618,17158,3000,1.5,499.47675530000197,10680437248,,,,,,,,,,,,,,,
0.9933333333333333,0.9933333333333333,,0,300,,3678,42,0.9966666666666667,T2_NUMERIC,TEMPLATE_0_PRIMARY,1125,2736143,44288,8996,2.44589450788472,1407.532500399997,10728040448,1.0,1.0,4.0,0.9932432432432432,296.0,,,,,,,,,,
0.9933333333333333,0.9933333333333333,,0,300,,3678,271828,1.0,T2_NUMERIC,TEMPLATE_0_PRIMARY,1125,2732886,44343,8996,2.44589450788472,1429.4218804999982,10728040448,1.0,1.0,4.0,0.9932432432432432,296.0,,,,,,,,,,
0.9933333333333333,0.9933333333333333,,0,300,,3678,314159,1.0,T2_NUMERIC,TEMPLATE_0_PRIMARY,1125,2730982,44263,8996,2.44589450788472,1373.763774799998,10728040448,1.0,1.0,4.0,0.9932432432432432,296.0,,,,,,,,,,
0.8771331058020477,0.8771331058020477,,2,293,,2286,42,0.8839590443686007,T3_CLAIM,TEMPLATE_0_PRIMARY,750,3659855,270212,5996,2.6229221347331584,1682.0086819000026,11153552384,,,,,,0.8839590443686007,0.8585858585858586,99.0,0.9047619047619048,21.0,0.917531283009907,0.9232808862150627,0.9207330657135279,1.0,39.0
0.8703071672354948,0.8703071672354948,,1,293,,2286,271828,0.8771331058020477,T3_CLAIM,TEMPLATE_0_PRIMARY,750,3653918,269397,5996,2.6229221347331584,2625.3353556999996,11152552960,,,,,,0.8771331058020477,0.8585858585858586,99.0,0.8571428571428571,21.0,0.9174538237435784,0.9196860242937251,0.9207507460365457,1.0,39.0
0.8498293515358362,0.8498293515358362,,2,293,,2286,314159,0.8600682593856656,T3_CLAIM,TEMPLATE_0_PRIMARY,750,3660191,269454,5996,2.6229221347331584,1745.7400348999945,11152552960,,,,,,0.8600682593856656,0.8888888888888888,99.0,0.9047619047619048,21.0,0.9041976389116008,0.9059410756567122,0.9097647297663058,0.8974358974358975,39.0
