task,seed,small_scale,large_scale,small_source,large_source,matched_max_steps,warmup_steps,small_formal_actual_steps,small_formal_processed_input_tokens,small_formal_processed_target_tokens,small_membership_sha256,large_membership_sha256,small_instances,large_instances,eval_instances,eval_ids_sha256
T1a_ACRONYM,42,1000,2000,C2,C2,375,12,375,1033038,17307,eb0b94e4518785c3b46de298d479e0c9788fe3cb06f88e3f1c457120ef78f56d,1ebfc5eb588c7e21fbe0b1a663f30aa318c4a50372a535032291cecac1c41e7b,1000,2000,300,835e08549f2a3d9c914985f775291547718bef985541b3865ea0246c1f231157
T1a_ACRONYM,271828,1000,2000,C2,C2,375,12,375,1033038,17307,eb0b94e4518785c3b46de298d479e0c9788fe3cb06f88e3f1c457120ef78f56d,1ebfc5eb588c7e21fbe0b1a663f30aa318c4a50372a535032291cecac1c41e7b,1000,2000,300,835e08549f2a3d9c914985f775291547718bef985541b3865ea0246c1f231157
T1a_ACRONYM,314159,1000,2000,C2,C2,375,12,375,1033038,17307,eb0b94e4518785c3b46de298d479e0c9788fe3cb06f88e3f1c457120ef78f56d,1ebfc5eb588c7e21fbe0b1a663f30aa318c4a50372a535032291cecac1c41e7b,1000,2000,300,835e08549f2a3d9c914985f775291547718bef985541b3865ea0246c1f231157
T2_NUMERIC,42,3000,3678,C3,C3,1125,34,1125,2735670,44115,d33748e98ccd512e594ba617bf27ab75a452347bddbc73162e17110727c71d52,3bff3edf72d8d853d38807020f3355e68c51d6ab7ef705abf2da9c9260e94c04,3000,3678,300,6bb607658b764ecf904b975e467a7bf6f2132f56f1cb50ed71c8b0581fbe50a7
T2_NUMERIC,271828,3000,3678,C3,C3,1125,34,1125,2735670,44115,d33748e98ccd512e594ba617bf27ab75a452347bddbc73162e17110727c71d52,3bff3edf72d8d853d38807020f3355e68c51d6ab7ef705abf2da9c9260e94c04,3000,3678,300,6bb607658b764ecf904b975e467a7bf6f2132f56f1cb50ed71c8b0581fbe50a7
T2_NUMERIC,314159,3000,3678,C3,C3,1125,34,1125,2735670,44115,d33748e98ccd512e594ba617bf27ab75a452347bddbc73162e17110727c71d52,3bff3edf72d8d853d38807020f3355e68c51d6ab7ef705abf2da9c9260e94c04,3000,3678,300,6bb607658b764ecf904b975e467a7bf6f2132f56f1cb50ed71c8b0581fbe50a7
T3_CLAIM,42,2000,2286,C2,C3,750,23,750,3640149,271215,c685aa7d162df48c6a1ebd5db04ae700ecc53fbb54939f850a89bc6ee37f9b03,a9390c816c5315402c6e74ffde4c94b4492345d95ef714d7c54cdb329241c037,2000,2286,293,69260b3a2892ddde08e710dba780cd85090069d3f296da14252aa5d290f053da
T3_CLAIM,271828,2000,2286,C2,C3,750,23,750,3640149,271215,c685aa7d162df48c6a1ebd5db04ae700ecc53fbb54939f850a89bc6ee37f9b03,a9390c816c5315402c6e74ffde4c94b4492345d95ef714d7c54cdb329241c037,2000,2286,293,69260b3a2892ddde08e710dba780cd85090069d3f296da14252aa5d290f053da
T3_CLAIM,314159,2000,2286,C2,C3,750,23,750,3640149,271215,c685aa7d162df48c6a1ebd5db04ae700ecc53fbb54939f850a89bc6ee37f9b03,a9390c816c5315402c6e74ffde4c94b4492345d95ef714d7c54cdb329241c037,2000,2286,293,69260b3a2892ddde08e710dba780cd85090069d3f296da14252aa5d290f053da
