diagnostic_role,feature,statistic,category,group,value,n
POST-HOC_EXPLORATORY_DIAGNOSTIC,unique_paper_count,count,all,N2000,1101.0,2000
POST-HOC_EXPLORATORY_DIAGNOSTIC,response_tokens,median,all,N2000,41.0,2000
POST-HOC_EXPLORATORY_DIAGNOSTIC,response_tokens,iqr,all,N2000,25.0,2000
POST-HOC_EXPLORATORY_DIAGNOSTIC,context_tokens,median,all,N2000,455.0,2000
POST-HOC_EXPLORATORY_DIAGNOSTIC,context_tokens,iqr,all,N2000,382.5,2000
POST-HOC_EXPLORATORY_DIAGNOSTIC,negation_flag,count,true,N2000,232.0,2000
POST-HOC_EXPLORATORY_DIAGNOSTIC,negation_flag,proportion,true,N2000,0.116,2000
POST-HOC_EXPLORATORY_DIAGNOSTIC,uncertainty_flag,count,true,N2000,316.0,2000
POST-HOC_EXPLORATORY_DIAGNOSTIC,uncertainty_flag,proportion,true,N2000,0.158,2000
POST-HOC_EXPLORATORY_DIAGNOSTIC,has_condition,count,true,N2000,784.0,2000
POST-HOC_EXPLORATORY_DIAGNOSTIC,has_condition,proportion,true,N2000,0.392,2000
POST-HOC_EXPLORATORY_DIAGNOSTIC,condition_numeric,count,true,N2000,334.0,2000
POST-HOC_EXPLORATORY_DIAGNOSTIC,condition_numeric,proportion,true,N2000,0.167,2000
POST-HOC_EXPLORATORY_DIAGNOSTIC,condition_temporal,count,true,N2000,167.0,2000
POST-HOC_EXPLORATORY_DIAGNOSTIC,condition_temporal,proportion,true,N2000,0.0835,2000
POST-HOC_EXPLORATORY_DIAGNOSTIC,condition_spatial,count,true,N2000,88.0,2000
POST-HOC_EXPLORATORY_DIAGNOSTIC,condition_spatial,proportion,true,N2000,0.044,2000
POST-HOC_EXPLORATORY_DIAGNOSTIC,condition_treatment_comparison,count,true,N2000,391.0,2000
POST-HOC_EXPLORATORY_DIAGNOSTIC,condition_treatment_comparison,proportion,true,N2000,0.1955,2000
POST-HOC_EXPLORATORY_DIAGNOSTIC,condition_other,count,true,N2000,2000.0,2000
POST-HOC_EXPLORATORY_DIAGNOSTIC,condition_other,proportion,true,N2000,1.0,2000
POST-HOC_EXPLORATORY_DIAGNOSTIC,unique_paper_count,count,all,incremental_286,286.0,286
POST-HOC_EXPLORATORY_DIAGNOSTIC,response_tokens,median,all,incremental_286,39.5,286
POST-HOC_EXPLORATORY_DIAGNOSTIC,response_tokens,iqr,all,incremental_286,21.75,286
POST-HOC_EXPLORATORY_DIAGNOSTIC,context_tokens,median,all,incremental_286,488.0,286
POST-HOC_EXPLORATORY_DIAGNOSTIC,context_tokens,iqr,all,incremental_286,401.25,286
POST-HOC_EXPLORATORY_DIAGNOSTIC,negation_flag,count,true,incremental_286,31.0,286
POST-HOC_EXPLORATORY_DIAGNOSTIC,negation_flag,proportion,true,incremental_286,0.10839160839160839,286
POST-HOC_EXPLORATORY_DIAGNOSTIC,uncertainty_flag,count,true,incremental_286,45.0,286
POST-HOC_EXPLORATORY_DIAGNOSTIC,uncertainty_flag,proportion,true,incremental_286,0.15734265734265734,286
POST-HOC_EXPLORATORY_DIAGNOSTIC,has_condition,count,true,incremental_286,119.0,286
POST-HOC_EXPLORATORY_DIAGNOSTIC,has_condition,proportion,true,incremental_286,0.4160839160839161,286
POST-HOC_EXPLORATORY_DIAGNOSTIC,condition_numeric,count,true,incremental_286,46.0,286
POST-HOC_EXPLORATORY_DIAGNOSTIC,condition_numeric,proportion,true,incremental_286,0.16083916083916083,286
POST-HOC_EXPLORATORY_DIAGNOSTIC,condition_temporal,count,true,incremental_286,28.0,286
POST-HOC_EXPLORATORY_DIAGNOSTIC,condition_temporal,proportion,true,incremental_286,0.0979020979020979,286
POST-HOC_EXPLORATORY_DIAGNOSTIC,condition_spatial,count,true,incremental_286,12.0,286
POST-HOC_EXPLORATORY_DIAGNOSTIC,condition_spatial,proportion,true,incremental_286,0.04195804195804196,286
POST-HOC_EXPLORATORY_DIAGNOSTIC,condition_treatment_comparison,count,true,incremental_286,62.0,286
POST-HOC_EXPLORATORY_DIAGNOSTIC,condition_treatment_comparison,proportion,true,incremental_286,0.21678321678321677,286
POST-HOC_EXPLORATORY_DIAGNOSTIC,condition_other,count,true,incremental_286,286.0,286
POST-HOC_EXPLORATORY_DIAGNOSTIC,condition_other,proportion,true,incremental_286,1.0,286
POST-HOC_EXPLORATORY_DIAGNOSTIC,major_section_bucket,count,Results,N2000,425.0,2000
POST-HOC_EXPLORATORY_DIAGNOSTIC,major_section_bucket,proportion,Results,N2000,0.2125,2000
POST-HOC_EXPLORATORY_DIAGNOSTIC,major_section_bucket,count,Discussion,N2000,665.0,2000
POST-HOC_EXPLORATORY_DIAGNOSTIC,major_section_bucket,proportion,Discussion,N2000,0.3325,2000
POST-HOC_EXPLORATORY_DIAGNOSTIC,major_section_bucket,count,Conclusion,N2000,741.0,2000
POST-HOC_EXPLORATORY_DIAGNOSTIC,major_section_bucket,proportion,Conclusion,N2000,0.3705,2000
POST-HOC_EXPLORATORY_DIAGNOSTIC,major_section_bucket,count,Methods,N2000,169.0,2000
POST-HOC_EXPLORATORY_DIAGNOSTIC,major_section_bucket,proportion,Methods,N2000,0.0845,2000
POST-HOC_EXPLORATORY_DIAGNOSTIC,major_section_bucket,count,Other,N2000,0.0,2000
POST-HOC_EXPLORATORY_DIAGNOSTIC,major_section_bucket,proportion,Other,N2000,0.0,2000
POST-HOC_EXPLORATORY_DIAGNOSTIC,major_section_bucket,count,Results,incremental_286,66.0,286
POST-HOC_EXPLORATORY_DIAGNOSTIC,major_section_bucket,proportion,Results,incremental_286,0.23076923076923078,286
POST-HOC_EXPLORATORY_DIAGNOSTIC,major_section_bucket,count,Discussion,incremental_286,115.0,286
POST-HOC_EXPLORATORY_DIAGNOSTIC,major_section_bucket,proportion,Discussion,incremental_286,0.4020979020979021,286
POST-HOC_EXPLORATORY_DIAGNOSTIC,major_section_bucket,count,Conclusion,incremental_286,84.0,286
POST-HOC_EXPLORATORY_DIAGNOSTIC,major_section_bucket,proportion,Conclusion,incremental_286,0.2937062937062937,286
POST-HOC_EXPLORATORY_DIAGNOSTIC,major_section_bucket,count,Methods,incremental_286,21.0,286
POST-HOC_EXPLORATORY_DIAGNOSTIC,major_section_bucket,proportion,Methods,incremental_286,0.07342657342657342,286
POST-HOC_EXPLORATORY_DIAGNOSTIC,major_section_bucket,count,Other,incremental_286,0.0,286
POST-HOC_EXPLORATORY_DIAGNOSTIC,major_section_bucket,proportion,Other,incremental_286,0.0,286
POST-HOC_EXPLORATORY_DIAGNOSTIC,relation_cue,count,Associated,N2000,1.0,2000
POST-HOC_EXPLORATORY_DIAGNOSTIC,relation_cue,proportion,Associated,N2000,0.0005,2000
POST-HOC_EXPLORATORY_DIAGNOSTIC,relation_cue,count,Higher,N2000,4.0,2000
POST-HOC_EXPLORATORY_DIAGNOSTIC,relation_cue,proportion,Higher,N2000,0.002,2000
POST-HOC_EXPLORATORY_DIAGNOSTIC,relation_cue,count,Lower,N2000,2.0,2000
POST-HOC_EXPLORATORY_DIAGNOSTIC,relation_cue,proportion,Lower,N2000,0.001,2000
POST-HOC_EXPLORATORY_DIAGNOSTIC,relation_cue,count,Related,N2000,2.0,2000
POST-HOC_EXPLORATORY_DIAGNOSTIC,relation_cue,proportion,Related,N2000,0.001,2000
POST-HOC_EXPLORATORY_DIAGNOSTIC,relation_cue,count,affected,N2000,43.0,2000
POST-HOC_EXPLORATORY_DIAGNOSTIC,relation_cue,proportion,affected,N2000,0.0215,2000
POST-HOC_EXPLORATORY_DIAGNOSTIC,relation_cue,count,associated,N2000,190.0,2000
POST-HOC_EXPLORATORY_DIAGNOSTIC,relation_cue,proportion,associated,N2000,0.095,2000
POST-HOC_EXPLORATORY_DIAGNOSTIC,relation_cue,count,correlated,N2000,26.0,2000
POST-HOC_EXPLORATORY_DIAGNOSTIC,relation_cue,proportion,correlated,N2000,0.013,2000
POST-HOC_EXPLORATORY_DIAGNOSTIC,relation_cue,count,decrease,N2000,53.0,2000
POST-HOC_EXPLORATORY_DIAGNOSTIC,relation_cue,proportion,decrease,N2000,0.0265,2000
POST-HOC_EXPLORATORY_DIAGNOSTIC,relation_cue,count,decreased,N2000,27.0,2000
POST-HOC_EXPLORATORY_DIAGNOSTIC,relation_cue,proportion,decreased,N2000,0.0135,2000
POST-HOC_EXPLORATORY_DIAGNOSTIC,relation_cue,count,decreases,N2000,27.0,2000
POST-HOC_EXPLORATORY_DIAGNOSTIC,relation_cue,proportion,decreases,N2000,0.0135,2000
POST-HOC_EXPLORATORY_DIAGNOSTIC,relation_cue,count,effect,N2000,96.0,2000
POST-HOC_EXPLORATORY_DIAGNOSTIC,relation_cue,proportion,effect,N2000,0.048,2000
POST-HOC_EXPLORATORY_DIAGNOSTIC,relation_cue,count,higher,N2000,262.0,2000
POST-HOC_EXPLORATORY_DIAGNOSTIC,relation_cue,proportion,higher,N2000,0.131,2000
POST-HOC_EXPLORATORY_DIAGNOSTIC,relation_cue,count,improved,N2000,78.0,2000
POST-HOC_EXPLORATORY_DIAGNOSTIC,relation_cue,proportion,improved,N2000,0.039,2000
POST-HOC_EXPLORATORY_DIAGNOSTIC,relation_cue,count,increase,N2000,161.0,2000
POST-HOC_EXPLORATORY_DIAGNOSTIC,relation_cue,proportion,increase,N2000,0.0805,2000
POST-HOC_EXPLORATORY_DIAGNOSTIC,relation_cue,count,increased,N2000,118.0,2000
POST-HOC_EXPLORATORY_DIAGNOSTIC,relation_cue,proportion,increased,N2000,0.059,2000
POST-HOC_EXPLORATORY_DIAGNOSTIC,relation_cue,count,increases,N2000,59.0,2000
POST-HOC_EXPLORATORY_DIAGNOSTIC,relation_cue,proportion,increases,N2000,0.0295,2000
POST-HOC_EXPLORATORY_DIAGNOSTIC,relation_cue,count,inhibited,N2000,4.0,2000
POST-HOC_EXPLORATORY_DIAGNOSTIC,relation_cue,proportion,inhibited,N2000,0.002,2000
POST-HOC_EXPLORATORY_DIAGNOSTIC,relation_cue,count,led,N2000,43.0,2000
POST-HOC_EXPLORATORY_DIAGNOSTIC,relation_cue,proportion,led,N2000,0.0215,2000
POST-HOC_EXPLORATORY_DIAGNOSTIC,relation_cue,count,lower,N2000,229.0,2000
POST-HOC_EXPLORATORY_DIAGNOSTIC,relation_cue,proportion,lower,N2000,0.1145,2000
POST-HOC_EXPLORATORY_DIAGNOSTIC,relation_cue,count,promoted,N2000,4.0,2000
POST-HOC_EXPLORATORY_DIAGNOSTIC,relation_cue,proportion,promoted,N2000,0.002,2000
POST-HOC_EXPLORATORY_DIAGNOSTIC,relation_cue,count,reduced,N2000,68.0,2000
POST-HOC_EXPLORATORY_DIAGNOSTIC,relation_cue,proportion,reduced,N2000,0.034,2000
POST-HOC_EXPLORATORY_DIAGNOSTIC,relation_cue,count,related,N2000,189.0,2000
POST-HOC_EXPLORATORY_DIAGNOSTIC,relation_cue,proportion,related,N2000,0.0945,2000
POST-HOC_EXPLORATORY_DIAGNOSTIC,relation_cue,count,resulted,N2000,48.0,2000
POST-HOC_EXPLORATORY_DIAGNOSTIC,relation_cue,proportion,resulted,N2000,0.024,2000
POST-HOC_EXPLORATORY_DIAGNOSTIC,relation_cue,count,significant,N2000,152.0,2000
POST-HOC_EXPLORATORY_DIAGNOSTIC,relation_cue,proportion,significant,N2000,0.076,2000
POST-HOC_EXPLORATORY_DIAGNOSTIC,relation_cue,count,significantly,N2000,114.0,2000
POST-HOC_EXPLORATORY_DIAGNOSTIC,relation_cue,proportion,significantly,N2000,0.057,2000
POST-HOC_EXPLORATORY_DIAGNOSTIC,relation_cue,count,Associated,incremental_286,0.0,286
POST-HOC_EXPLORATORY_DIAGNOSTIC,relation_cue,proportion,Associated,incremental_286,0.0,286
POST-HOC_EXPLORATORY_DIAGNOSTIC,relation_cue,count,Higher,incremental_286,0.0,286
POST-HOC_EXPLORATORY_DIAGNOSTIC,relation_cue,proportion,Higher,incremental_286,0.0,286
POST-HOC_EXPLORATORY_DIAGNOSTIC,relation_cue,count,Lower,incremental_286,2.0,286
POST-HOC_EXPLORATORY_DIAGNOSTIC,relation_cue,proportion,Lower,incremental_286,0.006993006993006993,286
POST-HOC_EXPLORATORY_DIAGNOSTIC,relation_cue,count,Related,incremental_286,0.0,286
POST-HOC_EXPLORATORY_DIAGNOSTIC,relation_cue,proportion,Related,incremental_286,0.0,286
POST-HOC_EXPLORATORY_DIAGNOSTIC,relation_cue,count,affected,incremental_286,13.0,286
POST-HOC_EXPLORATORY_DIAGNOSTIC,relation_cue,proportion,affected,incremental_286,0.045454545454545456,286
POST-HOC_EXPLORATORY_DIAGNOSTIC,relation_cue,count,associated,incremental_286,30.0,286
POST-HOC_EXPLORATORY_DIAGNOSTIC,relation_cue,proportion,associated,incremental_286,0.1048951048951049,286
POST-HOC_EXPLORATORY_DIAGNOSTIC,relation_cue,count,correlated,incremental_286,6.0,286
POST-HOC_EXPLORATORY_DIAGNOSTIC,relation_cue,proportion,correlated,incremental_286,0.02097902097902098,286
POST-HOC_EXPLORATORY_DIAGNOSTIC,relation_cue,count,decrease,incremental_286,7.0,286
POST-HOC_EXPLORATORY_DIAGNOSTIC,relation_cue,proportion,decrease,incremental_286,0.024475524475524476,286
POST-HOC_EXPLORATORY_DIAGNOSTIC,relation_cue,count,decreased,incremental_286,5.0,286
POST-HOC_EXPLORATORY_DIAGNOSTIC,relation_cue,proportion,decreased,incremental_286,0.017482517482517484,286
POST-HOC_EXPLORATORY_DIAGNOSTIC,relation_cue,count,decreases,incremental_286,3.0,286
POST-HOC_EXPLORATORY_DIAGNOSTIC,relation_cue,proportion,decreases,incremental_286,0.01048951048951049,286
POST-HOC_EXPLORATORY_DIAGNOSTIC,relation_cue,count,effect,incremental_286,8.0,286
POST-HOC_EXPLORATORY_DIAGNOSTIC,relation_cue,proportion,effect,incremental_286,0.027972027972027972,286
POST-HOC_EXPLORATORY_DIAGNOSTIC,relation_cue,count,higher,incremental_286,37.0,286
POST-HOC_EXPLORATORY_DIAGNOSTIC,relation_cue,proportion,higher,incremental_286,0.12937062937062938,286
POST-HOC_EXPLORATORY_DIAGNOSTIC,relation_cue,count,improved,incremental_286,10.0,286
POST-HOC_EXPLORATORY_DIAGNOSTIC,relation_cue,proportion,improved,incremental_286,0.03496503496503497,286
POST-HOC_EXPLORATORY_DIAGNOSTIC,relation_cue,count,increase,incremental_286,23.0,286
POST-HOC_EXPLORATORY_DIAGNOSTIC,relation_cue,proportion,increase,incremental_286,0.08041958041958042,286
POST-HOC_EXPLORATORY_DIAGNOSTIC,relation_cue,count,increased,incremental_286,13.0,286
POST-HOC_EXPLORATORY_DIAGNOSTIC,relation_cue,proportion,increased,incremental_286,0.045454545454545456,286
POST-HOC_EXPLORATORY_DIAGNOSTIC,relation_cue,count,increases,incremental_286,12.0,286
POST-HOC_EXPLORATORY_DIAGNOSTIC,relation_cue,proportion,increases,incremental_286,0.04195804195804196,286
POST-HOC_EXPLORATORY_DIAGNOSTIC,relation_cue,count,inhibited,incremental_286,1.0,286
POST-HOC_EXPLORATORY_DIAGNOSTIC,relation_cue,proportion,inhibited,incremental_286,0.0034965034965034965,286
POST-HOC_EXPLORATORY_DIAGNOSTIC,relation_cue,count,led,incremental_286,8.0,286
POST-HOC_EXPLORATORY_DIAGNOSTIC,relation_cue,proportion,led,incremental_286,0.027972027972027972,286
POST-HOC_EXPLORATORY_DIAGNOSTIC,relation_cue,count,lower,incremental_286,33.0,286
POST-HOC_EXPLORATORY_DIAGNOSTIC,relation_cue,proportion,lower,incremental_286,0.11538461538461539,286
POST-HOC_EXPLORATORY_DIAGNOSTIC,relation_cue,count,promoted,incremental_286,0.0,286
POST-HOC_EXPLORATORY_DIAGNOSTIC,relation_cue,proportion,promoted,incremental_286,0.0,286
POST-HOC_EXPLORATORY_DIAGNOSTIC,relation_cue,count,reduced,incremental_286,8.0,286
POST-HOC_EXPLORATORY_DIAGNOSTIC,relation_cue,proportion,reduced,incremental_286,0.027972027972027972,286
POST-HOC_EXPLORATORY_DIAGNOSTIC,relation_cue,count,related,incremental_286,30.0,286
POST-HOC_EXPLORATORY_DIAGNOSTIC,relation_cue,proportion,related,incremental_286,0.1048951048951049,286
POST-HOC_EXPLORATORY_DIAGNOSTIC,relation_cue,count,resulted,incremental_286,7.0,286
POST-HOC_EXPLORATORY_DIAGNOSTIC,relation_cue,proportion,resulted,incremental_286,0.024475524475524476,286
POST-HOC_EXPLORATORY_DIAGNOSTIC,relation_cue,count,significant,incremental_286,16.0,286
POST-HOC_EXPLORATORY_DIAGNOSTIC,relation_cue,proportion,significant,incremental_286,0.055944055944055944,286
POST-HOC_EXPLORATORY_DIAGNOSTIC,relation_cue,count,significantly,incremental_286,14.0,286
POST-HOC_EXPLORATORY_DIAGNOSTIC,relation_cue,proportion,significantly,incremental_286,0.04895104895104895,286
