complete_mapping_question,mapped_gold_evidence_count,original_gold_evidence_count,paper_id,question_id,unmapped_gold_evidence_count
False,6,7,paper_4d3d0ddf0154b22d9d6f,qasper_question_1b274c0bc63e49823661,1
True,5,5,paper_4d3d0ddf0154b22d9d6f,qasper_question_58ccc8bc704a3d8de935,0
True,4,4,paper_4d3d0ddf0154b22d9d6f,qasper_question_bce6d588c5df7ef4f160,0
True,3,3,paper_4d3d0ddf0154b22d9d6f,qasper_question_b1c36cf9264447bc78a5,0
True,2,2,paper_1ae7351aebec2f40d5d0,qasper_question_936f6e675e6a6e0acc77,0
True,1,1,paper_1ae7351aebec2f40d5d0,qasper_question_d2348d161d0e22a1697a,0
True,3,3,paper_1ae7351aebec2f40d5d0,qasper_question_1238298cfe8575e46efa,0
True,2,2,paper_1ae7351aebec2f40d5d0,qasper_question_dd57f6f5778c778ee4a4,0
False,10,12,paper_bbac94ce4402fc3935c5,qasper_question_518fc95515612137228e,2
False,11,12,paper_bbac94ce4402fc3935c5,qasper_question_e486b3eb6f308ce138f9,1
True,2,2,paper_67f7dc715eef03ed3fde,qasper_question_83f536bce33ab7c29029,0
True,2,2,paper_67f7dc715eef03ed3fde,qasper_question_fddbec789b2aeea192e9,0
True,2,2,paper_67f7dc715eef03ed3fde,qasper_question_e7e1ad67b50e4b36689e,0
True,6,6,paper_67f7dc715eef03ed3fde,qasper_question_24392bc8e0f5f6686d25,0
True,3,3,paper_11938dd40e4364dc077e,qasper_question_2d0a125e31dab08cb243,0
False,4,5,paper_11938dd40e4364dc077e,qasper_question_e69a7665d30e748d789e,1
True,5,5,paper_11938dd40e4364dc077e,qasper_question_44ade3228c8f59b50c67,0
True,3,3,paper_11938dd40e4364dc077e,qasper_question_6d98aeae2537f3d98e40,0
True,5,5,paper_f2c8359fa3880b38d00b,qasper_question_b7c956f725fb30677a14,0
True,5,5,paper_f2c8359fa3880b38d00b,qasper_question_e82e96620701bc4503e0,0
True,5,5,paper_f2c8359fa3880b38d00b,qasper_question_edd8c7a57ff169e43245,0
True,3,3,paper_4fe8cd67600500112b00,qasper_question_61983da95c55d368ff92,0
True,5,5,paper_df2b6b6bee387a49e666,qasper_question_9793209863d78f2ba734,0
True,7,7,paper_df2b6b6bee387a49e666,qasper_question_8fb8dcc1b19984700be3,0
True,5,5,paper_df2b6b6bee387a49e666,qasper_question_3032a380cd95f137e137,0
True,4,4,paper_7d469cda1394e1248964,qasper_question_9af116f2a65fc657cc46,0
True,3,3,paper_7d469cda1394e1248964,qasper_question_bb7ae614ce19c824e987,0
True,4,4,paper_7d469cda1394e1248964,qasper_question_d27e092d89eefd9fe723,0
True,3,3,paper_7d469cda1394e1248964,qasper_question_4268214f5c2252c05617,0
True,2,2,paper_7d469cda1394e1248964,qasper_question_784fe2c8ee81be4c24f6,0
True,3,3,paper_d4532345b7b8fe874831,qasper_question_a479bb4b7d54b2c27f77,0
True,6,6,paper_d4532345b7b8fe874831,qasper_question_4c524bde042e50b71d7e,0
True,2,2,paper_d4532345b7b8fe874831,qasper_question_6b93cb451b49fbd24beb,0
True,2,2,paper_d4532345b7b8fe874831,qasper_question_1b97e0246e33b3ba6406,0
True,5,5,paper_d4532345b7b8fe874831,qasper_question_cf56d83804d9bb9f0d48,0
True,3,3,paper_ae5af2bda68ba647495b,qasper_question_a55b23724516f48eb494,0
True,8,8,paper_ae5af2bda68ba647495b,qasper_question_b7eea9a98ad20fee588c,0
True,1,1,paper_ae5af2bda68ba647495b,qasper_question_5c2dbfa2d071b94e3a2e,0
True,5,5,paper_fea1a4b81852c36eb0aa,qasper_question_63f7ed55e72635b5b47d,0
True,21,21,paper_fea1a4b81852c36eb0aa,qasper_question_108cce765e0fe7559fdf,0
True,2,2,paper_97726d83f75f8aaeffec,qasper_question_ab789a6f0c50a40699a0,0
True,3,3,paper_97726d83f75f8aaeffec,qasper_question_fab7c7dcf3285a39b415,0
True,4,4,paper_97726d83f75f8aaeffec,qasper_question_44ed73492dd20cdefc64,0
True,5,5,paper_0d4bf804fe89e1744d17,qasper_question_555eaf37c9e6407e7b4c,0
True,8,8,paper_0d4bf804fe89e1744d17,qasper_question_86860296b0142d9cff5d,0
True,2,2,paper_f46f3907412f6e5ac3ad,qasper_question_3fc058c6db4264dfab9e,0
True,2,2,paper_f46f3907412f6e5ac3ad,qasper_question_1aa5ee5b4dee31687ba9,0
True,1,1,paper_f46f3907412f6e5ac3ad,qasper_question_a2feae8bb55e408a77b0,0
True,2,2,paper_f46f3907412f6e5ac3ad,qasper_question_8c72ac8886032d082556,0
True,2,2,paper_9b066b4d7d8230afe9ad,qasper_question_9b7ee15891847ea586ee,0
True,8,8,paper_9b066b4d7d8230afe9ad,qasper_question_5ecbede022517ed7adeb,0
False,12,13,paper_9b066b4d7d8230afe9ad,qasper_question_80d01f07b7276d7fc01d,1
True,2,2,paper_9b066b4d7d8230afe9ad,qasper_question_06933cc364a3276b4fe1,0
True,3,3,paper_9b066b4d7d8230afe9ad,qasper_question_2e5b22df3a8e95bf9750,0
True,2,2,paper_9b066b4d7d8230afe9ad,qasper_question_360653c7c430aad2ac92,0
True,2,2,paper_9b066b4d7d8230afe9ad,qasper_question_8465af353c4b5f1e4a17,0
True,3,3,paper_63b8fcfaccf594910cc7,qasper_question_c0c8d02f156b85fcbc1a,0
True,2,2,paper_63b8fcfaccf594910cc7,qasper_question_d73b08afb77353f8bc70,0
True,4,4,paper_63b8fcfaccf594910cc7,qasper_question_324237dd24316696d16d,0
True,2,2,paper_4af89a1132b10b912d37,qasper_question_093bfe4b497505a63d3c,0
True,2,2,paper_4af89a1132b10b912d37,qasper_question_56acd971536b4c071a67,0
True,3,3,paper_4af89a1132b10b912d37,qasper_question_9da83a0153d7a83e7a97,0
True,2,2,paper_4af89a1132b10b912d37,qasper_question_56bf6e0735f273c86906,0
True,4,4,paper_4af89a1132b10b912d37,qasper_question_c79af8c5291fe2966c5c,0
True,1,1,paper_4af89a1132b10b912d37,qasper_question_bb2de670973857e5ead3,0
True,3,3,paper_0758465b0334de99624b,qasper_question_e6705d4b7c38f52e4d5f,0
True,3,3,paper_0758465b0334de99624b,qasper_question_110fb7ddae883b789a5f,0
False,50,55,paper_0758465b0334de99624b,qasper_question_12694226598e3d78b0ab,5
True,2,2,paper_f99bc35626c66111a6ad,qasper_question_6cd922bfd178935f16ac,0
True,2,2,paper_f99bc35626c66111a6ad,qasper_question_2dfbabf4849395c7b7b5,0
True,2,2,paper_78aeeeb92585a74d8694,qasper_question_3852152516d1cc9364ae,0
True,4,4,paper_78aeeeb92585a74d8694,qasper_question_934e788c960b100162c7,0
True,3,3,paper_78aeeeb92585a74d8694,qasper_question_c2dc886c37f0dec4e656,0
True,2,2,paper_389b248d20053c5c5bf0,qasper_question_bc63f98b4d83c615b0ee,0
False,2,5,paper_389b248d20053c5c5bf0,qasper_question_1ffb077a9887d0d483f8,3
True,2,2,paper_389b248d20053c5c5bf0,qasper_question_45500b86d330ad9bb5ec,0
True,3,3,paper_389b248d20053c5c5bf0,qasper_question_0603910a0dedbe863b9f,0
True,3,3,paper_13585b23d7037118da68,qasper_question_0dc4151e5cb832ca5822,0
True,6,6,paper_13585b23d7037118da68,qasper_question_63e803f04fc58417bff5,0
True,2,2,paper_13585b23d7037118da68,qasper_question_7098bd40c31894dbfc87,0
True,5,5,paper_617efdd7bbb3cce6e1c5,qasper_question_34869efd3d6c2fb2f591,0
True,3,3,paper_d220f5bdb9498ff1287e,qasper_question_cebe2b72333b93108136,0
True,4,4,paper_d220f5bdb9498ff1287e,qasper_question_2e264e0f239e968b7612,0
True,6,6,paper_d220f5bdb9498ff1287e,qasper_question_9611e4a14e4128e9440d,0
True,1,1,paper_c73152be2035bb62b3fc,qasper_question_758a52bb9f9d6668cc48,0
True,2,2,paper_c73152be2035bb62b3fc,qasper_question_105393736f02e786521d,0
True,3,3,paper_c73152be2035bb62b3fc,qasper_question_61fca03d0d114eb541c8,0
True,2,2,paper_c73152be2035bb62b3fc,qasper_question_913308bbb21046a55386,0
True,2,2,paper_1009b65f960ccc31f18c,qasper_question_954d69b4344459d8ed1c,0
True,6,6,paper_871e0c45283efe49b353,qasper_question_60f0333c1d2c8bb02c58,0
True,4,4,paper_871e0c45283efe49b353,qasper_question_3767fd11feaf17ffa78c,0
True,2,2,paper_deedc822cd70b5613e5c,qasper_question_8a76e380bc3534fd9cc6,0
True,1,1,paper_deedc822cd70b5613e5c,qasper_question_05e0b7a9d3062ab6abce,0
True,1,1,paper_deedc822cd70b5613e5c,qasper_question_bcf0397a35cc6a70ad0a,0
True,3,3,paper_deedc822cd70b5613e5c,qasper_question_8011ad0166f132204c1e,0
True,6,6,paper_22174c9ab853da0a01e2,qasper_question_3ba76936e1bce41ffa42,0
True,9,9,paper_22174c9ab853da0a01e2,qasper_question_b363c20717a01f964b7b,0
True,11,11,paper_22174c9ab853da0a01e2,qasper_question_cd1c4714255b06afacf7,0
True,8,8,paper_22174c9ab853da0a01e2,qasper_question_ef51f02eb299e4e040e4,0
True,5,5,paper_29cf9342b9259ef6906c,qasper_question_f01ecdfbab12b5f0cd27,0
True,3,3,paper_29cf9342b9259ef6906c,qasper_question_bd6457d97fcb019fc11b,0
True,2,2,paper_9adfc9bcf32655630ac1,qasper_question_cea7ecb38db89bc7da55,0
True,2,2,paper_9adfc9bcf32655630ac1,qasper_question_c58ae26dc9bb855de107,0
True,2,2,paper_9adfc9bcf32655630ac1,qasper_question_7b2341f610c944481180,0
True,1,1,paper_9adfc9bcf32655630ac1,qasper_question_857d4ff2ccc1cd24ee2a,0
True,4,4,paper_b8fad4fb6c5c52f9068d,qasper_question_bc5e2f880a79a444f385,0
True,2,2,paper_b8fad4fb6c5c52f9068d,qasper_question_a5f4608f0d162f9b7ffb,0
True,9,9,paper_49a5a16e5f6dd6a6192c,qasper_question_ccd0f57a360700da3287,0
True,4,4,paper_49a5a16e5f6dd6a6192c,qasper_question_9ba38a0a6b911e3949c1,0
True,2,2,paper_49a5a16e5f6dd6a6192c,qasper_question_e1e6eac9f64f6656eb9b,0
True,2,2,paper_49a5a16e5f6dd6a6192c,qasper_question_7b5a7540f54a2a8d07b9,0
True,3,3,paper_bea116f9a37ab15d7b0f,qasper_question_62dc5200a882b7cbd847,0
True,2,2,paper_bea116f9a37ab15d7b0f,qasper_question_272b41c8e8d00b530f7b,0
True,3,3,paper_326b9621fb8551eb31df,qasper_question_64f6d9c0e7f6e8cf3fa4,0
True,3,3,paper_326b9621fb8551eb31df,qasper_question_1037bdd46320b3292b5f,0
False,4,5,paper_326b9621fb8551eb31df,qasper_question_e3fd7d92b5ad4c7575f0,1
True,3,3,paper_326b9621fb8551eb31df,qasper_question_64f9d882351cc49e7d86,0
False,2,3,paper_d5c2f5cf4cc618aedbd9,qasper_question_0493a87892ce37bcdabf,1
True,3,3,paper_d5c2f5cf4cc618aedbd9,qasper_question_7af960065bea80bcb8ca,0
True,1,1,paper_19f6b9acdc70de93ab4b,qasper_question_96509ab8a54755c77f9b,0
True,2,2,paper_19f6b9acdc70de93ab4b,qasper_question_b830b9c84c2554ced1f7,0
True,3,3,paper_19f6b9acdc70de93ab4b,qasper_question_86e7f28c245046ad9017,0
True,2,2,paper_19f6b9acdc70de93ab4b,qasper_question_7b03a465e1c7fd716282,0
True,3,3,paper_1db080e1583d6391e0cb,qasper_question_8150d24a5fe7af0761b4,0
True,3,3,paper_1db080e1583d6391e0cb,qasper_question_66f37b4c7ca73dada8f4,0
True,3,3,paper_1db080e1583d6391e0cb,qasper_question_5a9b508c007da2f1818b,0
True,6,6,paper_1db080e1583d6391e0cb,qasper_question_96a5866a307951c4e439,0
True,4,4,paper_61e5ebfe1022a1938cc5,qasper_question_20dfed11db5b4417423e,0
True,17,17,paper_61e5ebfe1022a1938cc5,qasper_question_4745f8d0a3649fce0fe1,0
True,3,3,paper_61e5ebfe1022a1938cc5,qasper_question_31fe59b09002588bf61a,0
True,5,5,paper_a17cfca7ad37db72cde2,qasper_question_c136228f6a1788b9c3ce,0
True,4,4,paper_a17cfca7ad37db72cde2,qasper_question_d3d078b355d6c1a7264e,0
True,6,6,paper_a17cfca7ad37db72cde2,qasper_question_309d3eba8ee7dc17ecff,0
True,8,8,paper_a17cfca7ad37db72cde2,qasper_question_883b7e25222e7e99b156,0
True,15,15,paper_a17cfca7ad37db72cde2,qasper_question_cb87231e116fb5923a46,0
True,1,1,paper_a17cfca7ad37db72cde2,qasper_question_c2d754c387af5093c623,0
True,2,2,paper_93d29895878597fc6f1f,qasper_question_fdfc32936c5a428490a8,0
False,9,10,paper_93d29895878597fc6f1f,qasper_question_e86a5b0a5b1e1d1ca820,1
False,5,6,paper_092667b547271a2e78be,qasper_question_e4d1549232c82ee75807,1
True,1,1,paper_092667b547271a2e78be,qasper_question_d762950a38f8d7f377b0,0
False,31,32,paper_88cc6a2c734f5af1bd41,qasper_question_1dc3e58fb62954ff1eee,1
True,5,5,paper_88cc6a2c734f5af1bd41,qasper_question_f3f75e5e6d61a2a2f332,0
True,6,6,paper_88cc6a2c734f5af1bd41,qasper_question_0498ccbaca498e337e01,0
True,2,2,paper_88cc6a2c734f5af1bd41,qasper_question_2cd6dcb00ad98e8f09e1,0
True,2,2,paper_56161ea7ed3dbad8a59a,qasper_question_805bd27321ca75c879e0,0
True,2,2,paper_56161ea7ed3dbad8a59a,qasper_question_f94cd1ceae6e1f29a750,0
True,1,1,paper_56161ea7ed3dbad8a59a,qasper_question_e055eaad105ff5c2b3d7,0
True,2,2,paper_da7ccb31c7bf482c5e76,qasper_question_5834b77fc960f04dd230,0
True,2,2,paper_da7ccb31c7bf482c5e76,qasper_question_87128b161d4f56441124,0
True,2,2,paper_da7ccb31c7bf482c5e76,qasper_question_c68a2f7dcd95de37abfa,0
True,2,2,paper_d2a2aa34c96a7a0c4faf,qasper_question_0ef8e656e5bab7019e03,0
True,4,4,paper_d2a2aa34c96a7a0c4faf,qasper_question_0730f1387835f83c3ecd,0
True,5,5,paper_d2a2aa34c96a7a0c4faf,qasper_question_5841ecf4f1832e2af1e1,0
True,1,1,paper_f34ea74ad6a6c7050ce2,qasper_question_c30aa5036a3d06174e77,0
True,4,4,paper_f34ea74ad6a6c7050ce2,qasper_question_1c5bc07d422f472303a7,0
True,4,4,paper_f34ea74ad6a6c7050ce2,qasper_question_7e9e7b6eba554def1ea9,0
True,3,3,paper_34ba18c6ed489e39caa1,qasper_question_dfb6ab8e4bad894da54b,0
True,2,2,paper_34ba18c6ed489e39caa1,qasper_question_b339b371c4a16145b108,0
True,6,6,paper_34ba18c6ed489e39caa1,qasper_question_9ff8981b7bcb34324e4a,0
True,4,4,paper_34ba18c6ed489e39caa1,qasper_question_d51eb6977223549bbff9,0
True,8,8,paper_34ba18c6ed489e39caa1,qasper_question_30f15c0cc4cdf76fc6be,0
True,2,2,paper_b7bb4c0ab7fe71a0a6d2,qasper_question_b5b7b363827a3b0a3827,0
True,4,4,paper_b7bb4c0ab7fe71a0a6d2,qasper_question_89f51946ba46bdff651b,0
True,5,5,paper_b7bb4c0ab7fe71a0a6d2,qasper_question_409f71a0565c7f6d92a2,0
True,1,1,paper_3a076cbe88f9e4ec6628,qasper_question_8e86463dab07a08f550b,0
True,1,1,paper_3a076cbe88f9e4ec6628,qasper_question_7c7f43ad60245aede971,0
True,3,3,paper_3a076cbe88f9e4ec6628,qasper_question_e653629912565c6693f7,0
True,2,2,paper_3a076cbe88f9e4ec6628,qasper_question_5e4c5a31ec97bbea7fb3,0
False,3,4,paper_3a076cbe88f9e4ec6628,qasper_question_b4810af82b17b3462151,1
True,3,3,paper_8cf29243b0500a20fdf0,qasper_question_86197473ae13fc0884c2,0
True,3,3,paper_8cf29243b0500a20fdf0,qasper_question_bb28e0ba60bdbeca0cab,0
True,3,3,paper_8cf29243b0500a20fdf0,qasper_question_14292ed592fcca91c068,0
True,3,3,paper_8cf29243b0500a20fdf0,qasper_question_5422d87eb5bb7399ba44,0
True,2,2,paper_433497c8d16254bc1ffd,qasper_question_66ef8a2306519a4e2ec7,0
True,5,5,paper_c9de731c8972a7fcf255,qasper_question_d10d1520dbfc816a1f64,0
True,3,3,paper_c9de731c8972a7fcf255,qasper_question_f1c87955195d9032cd6f,0
True,12,12,paper_ed71fc1d6c4234203e9e,qasper_question_80ef1a8fde87aeb3f194,0
True,10,10,paper_ed71fc1d6c4234203e9e,qasper_question_0e316e13de494dc44bc8,0
True,3,3,paper_93a02e6dd1e338aa5cfc,qasper_question_a35b7d05cd4a813dfc80,0
True,7,7,paper_93a02e6dd1e338aa5cfc,qasper_question_e9b747ed46802cdfab16,0
False,4,6,paper_93a02e6dd1e338aa5cfc,qasper_question_686c4b266044beccea61,2
True,7,7,paper_93a02e6dd1e338aa5cfc,qasper_question_766562c20f9414734d68,0
True,2,2,paper_93a02e6dd1e338aa5cfc,qasper_question_aa8e7d97144daff36a31,0
True,3,3,paper_93a02e6dd1e338aa5cfc,qasper_question_78925ad1dcd6d72b156b,0
True,2,2,paper_767dbd06f9f0a999f8c0,qasper_question_96c2a48d9f227e5d2b6a,0
True,3,3,paper_767dbd06f9f0a999f8c0,qasper_question_f48e4b51687b7ab52381,0
True,2,2,paper_767dbd06f9f0a999f8c0,qasper_question_4e630730b6a8d51d6eea,0
True,2,2,paper_767dbd06f9f0a999f8c0,qasper_question_19e6923f0d6a3167539a,0
True,2,2,paper_786d7ccf9c6c356a268d,qasper_question_81f0749cb8ebe7fdfba7,0
True,2,2,paper_786d7ccf9c6c356a268d,qasper_question_d7ddf0e9e939b291d5e3,0
True,5,5,paper_fac4d53607e454a1fe73,qasper_question_f0fb2bfecf5edc7c180b,0
True,10,10,paper_fac4d53607e454a1fe73,qasper_question_c3482f1087229fe3183d,0
True,5,5,paper_6f50c84c742902acb45f,qasper_question_347cbd2ba50927fd060c,0
True,1,1,paper_ea149e894c00ad4cac6b,qasper_question_74dfcb338c3d0f829e20,0
True,3,3,paper_ea149e894c00ad4cac6b,qasper_question_3e0ff3243ece2e3f3e8c,0
True,5,5,paper_ea149e894c00ad4cac6b,qasper_question_0640ce966d78df425475,0
True,3,3,paper_ea149e894c00ad4cac6b,qasper_question_df19869b9bdfef74ea49,0
True,5,5,paper_9750e64dc29c3f1466bc,qasper_question_bd9675d53c57ea6e0f7b,0
True,2,2,paper_9750e64dc29c3f1466bc,qasper_question_1d4a6eae6f88c224c5c6,0
True,4,4,paper_9750e64dc29c3f1466bc,qasper_question_8d190b793bd6a7776498,0
True,2,2,paper_8730d145491f7dd1e2f0,qasper_question_99d85049aebc0db4a6d4,0
True,2,2,paper_8730d145491f7dd1e2f0,qasper_question_0d8ec15c0382809bdc43,0
True,1,1,paper_8730d145491f7dd1e2f0,qasper_question_16c1b21fe8e00653bddd,0
True,1,1,paper_bf61a567b92912656c66,qasper_question_34a01c3f0e0ea25ffc32,0
True,3,3,paper_bf61a567b92912656c66,qasper_question_7c1c9cce43f0fcc52f63,0
True,2,2,paper_3bbacfaa0994efb72ff5,qasper_question_6e3ed1bfbe6cfcc4f5ca,0
True,2,2,paper_3bbacfaa0994efb72ff5,qasper_question_8c52b695b4c80960c7d3,0
True,4,4,paper_3bbacfaa0994efb72ff5,qasper_question_502bdf54df609367a583,0
True,3,3,paper_8f015f3f35dffa036d4e,qasper_question_eeac0380e01de9210aca,0
True,5,5,paper_8f015f3f35dffa036d4e,qasper_question_312014c949e8894a7f49,0
True,2,2,paper_235a12ea5d6c5b762fe4,qasper_question_d3caaa497852db21b85b,0
True,2,2,paper_235a12ea5d6c5b762fe4,qasper_question_f975a2082749e0530d82,0
True,2,2,paper_235a12ea5d6c5b762fe4,qasper_question_6448effbb61de3f23790,0
True,2,2,paper_235a12ea5d6c5b762fe4,qasper_question_4c87cb904aa52621c7dc,0
True,5,5,paper_d8f2f24d417c82fa7bdc,qasper_question_8a3ad1c9d98c3d240e85,0
True,3,3,paper_d8f2f24d417c82fa7bdc,qasper_question_825649ac1dd47ca397c3,0
True,7,7,paper_d8f2f24d417c82fa7bdc,qasper_question_c89553a82b28619ffca6,0
True,3,3,paper_cb21ef59955dcb04643f,qasper_question_503d7bd10eb138717376,0
True,3,3,paper_cb21ef59955dcb04643f,qasper_question_e52739c4c5def5b25b1a,0
True,3,3,paper_cb21ef59955dcb04643f,qasper_question_9fffcb31c14657853f78,0
True,3,3,paper_cb21ef59955dcb04643f,qasper_question_db32f2c83df68fdb97d5,0
True,3,3,paper_db977e0e0af537a07dc3,qasper_question_ab5e1af20067e3f8c05d,0
True,4,4,paper_db977e0e0af537a07dc3,qasper_question_975d8ccd3faae7bdcad0,0
True,3,3,paper_db977e0e0af537a07dc3,qasper_question_cfc3c69b2792c0711a8b,0
True,4,4,paper_db977e0e0af537a07dc3,qasper_question_a46743d989f616824cc6,0
True,2,2,paper_375f7fc9e6165213bcfe,qasper_question_4e9626939a849a4c33c6,0
True,2,2,paper_7888b30beeb6a60b4db5,qasper_question_898ebee1d9af661532e2,0
True,2,2,paper_7888b30beeb6a60b4db5,qasper_question_787540af3711a5d5612e,0
True,5,5,paper_7888b30beeb6a60b4db5,qasper_question_aea1bfae9d7e92c12017,0
True,6,6,paper_7888b30beeb6a60b4db5,qasper_question_75efab898a6516fd3ef7,0
True,2,2,paper_8a7d4c067b3ff7fbb815,qasper_question_670a9a3439e52cc2ed17,0
True,3,3,paper_8a7d4c067b3ff7fbb815,qasper_question_aeb61730698ca9a98111,0
True,7,7,paper_8a7d4c067b3ff7fbb815,qasper_question_917696e1e123765cee87,0
True,7,7,paper_8a7d4c067b3ff7fbb815,qasper_question_ed719afe91cec21c5b47,0
True,6,6,paper_8a7d4c067b3ff7fbb815,qasper_question_e23454a5781aedd343c9,0
False,4,5,paper_237b4c1b82ada6f9d485,qasper_question_e023ea12dd189a6893eb,1
True,4,4,paper_237b4c1b82ada6f9d485,qasper_question_52445a2ddfe598e63d3a,0
True,6,6,paper_237b4c1b82ada6f9d485,qasper_question_0812fd8d43a77f5178c1,0
True,10,10,paper_fb410758d5d90dd3d2cf,qasper_question_9dc33e60a1ab47925c04,0
True,9,9,paper_fb410758d5d90dd3d2cf,qasper_question_b0696ae53828baf253d2,0
True,9,9,paper_c5587ddc3210910fee19,qasper_question_3e735a9259e8fd06c961,0
True,1,1,paper_c5587ddc3210910fee19,qasper_question_48e5e3dbd57d412475a6,0
True,4,4,paper_c5587ddc3210910fee19,qasper_question_e974acd0e21a37f3fd8d,0
True,2,2,paper_810d2739d25c35329337,qasper_question_204a82e074c0295175d6,0
True,2,2,paper_810d2739d25c35329337,qasper_question_2e024a6fe3ecb3bda4e9,0
True,2,2,paper_810d2739d25c35329337,qasper_question_a3e4fe8f9862aac8d2a1,0
True,2,2,paper_810d2739d25c35329337,qasper_question_7b188cbbfb2f689e2b56,0
True,2,2,paper_810d2739d25c35329337,qasper_question_671dfedd4d36316a9af7,0
True,8,8,paper_810d2739d25c35329337,qasper_question_ed2ff6d8f44ad3860ed0,0
True,1,1,paper_c98db3540c15ab79441b,qasper_question_66725c5e16e1f04d4f78,0
True,3,3,paper_c98db3540c15ab79441b,qasper_question_18a5b83aec407b7aa993,0
True,3,3,paper_c98db3540c15ab79441b,qasper_question_9baeeb94ebc50e050ba0,0
True,4,4,paper_537e0aea42e0d97df377,qasper_question_6b8fe01ec5df0b6d9f8a,0
True,7,7,paper_537e0aea42e0d97df377,qasper_question_8d65cf3385b3c5089631,0
False,3,4,paper_691fc8bc834ec27ed9b8,qasper_question_565376c8888bc7deb703,1
True,5,5,paper_691fc8bc834ec27ed9b8,qasper_question_3b515bdaff22dcfb226e,0
True,1,1,paper_691fc8bc834ec27ed9b8,qasper_question_ced0b1006ffab7d63da9,0
True,3,3,paper_691fc8bc834ec27ed9b8,qasper_question_3b37bc62407147d3f38c,0
True,2,2,paper_691fc8bc834ec27ed9b8,qasper_question_2d552c19f044f2943522,0
True,3,3,paper_691fc8bc834ec27ed9b8,qasper_question_8d8f30f275657379394f,0
True,4,4,paper_691fc8bc834ec27ed9b8,qasper_question_ef3d807178105f2814e7,0
True,9,9,paper_22ff5977815e6a7b7178,qasper_question_2f2d0dce64e5b3f6deac,0
True,3,3,paper_9f5e69c2c9f38f097f99,qasper_question_b1ad06bcdceead45b3af,0
True,4,4,paper_dc94bb916f4fd97050c9,qasper_question_efb5ee8b8e33932ce57a,0
False,24,25,paper_dc94bb916f4fd97050c9,qasper_question_cc94eb000d7609b4d06b,1
True,4,4,paper_dc94bb916f4fd97050c9,qasper_question_33f3c03c11809f36ffb3,0
True,3,3,paper_dc94bb916f4fd97050c9,qasper_question_d681a7bc307c6bc6121b,0
True,1,1,paper_dc94bb916f4fd97050c9,qasper_question_5abb6287d0236949ea78,0
True,4,4,paper_064df0283490873301d0,qasper_question_dcab9c5bb66d069c56e7,0
True,4,4,paper_064df0283490873301d0,qasper_question_d4e7aa58595a8dbd3623,0
False,8,12,paper_064df0283490873301d0,qasper_question_3ab9853cdf112f655462,4
True,3,3,paper_064df0283490873301d0,qasper_question_d134aae5355ae4b67d9d,0
True,1,1,paper_eab5c3cb688a0f0a0b6f,qasper_question_3feebdcbaaa0671b8574,0
True,2,2,paper_eab5c3cb688a0f0a0b6f,qasper_question_2519047d98ee222a0ab4,0
True,3,3,paper_eab5c3cb688a0f0a0b6f,qasper_question_e6ce4a687fe33ac9c334,0
True,2,2,paper_eab5c3cb688a0f0a0b6f,qasper_question_6351ee2ac995dbbf1531,0
True,9,9,paper_5b5e685972692cd118e6,qasper_question_b4c96273ec6ae6844acc,0
True,3,3,paper_5b5e685972692cd118e6,qasper_question_d681d06b8b797f034bce,0
True,3,3,paper_5b5e685972692cd118e6,qasper_question_1c6b69d08618dfaf4a18,0
True,10,10,paper_5b5e685972692cd118e6,qasper_question_1d09e6418462ac8984c8,0
True,3,3,paper_27d0f8ba41d9752af438,qasper_question_4a098e17c9d91ec95f99,0
True,2,2,paper_27d0f8ba41d9752af438,qasper_question_e3bd01ca1f32de9fd6de,0
True,2,2,paper_27d0f8ba41d9752af438,qasper_question_794e5ab38e8a1d8ae15e,0
True,6,6,paper_27d0f8ba41d9752af438,qasper_question_69ecd0a0eef42661450a,0
True,3,3,paper_42672ac0fa9e0fda1bfd,qasper_question_d5bbec3865e6ca54e39b,0
True,3,3,paper_42672ac0fa9e0fda1bfd,qasper_question_595aedff48c496e66f79,0
True,2,2,paper_42672ac0fa9e0fda1bfd,qasper_question_24ea527ca49ddd218bc0,0
True,5,5,paper_2e36ce6296731ad11652,qasper_question_ebeddf01d105116d39a2,0
True,3,3,paper_2e36ce6296731ad11652,qasper_question_7e9809048aa2b41fda92,0
True,2,2,paper_38bbb2a05e8c8c5c1feb,qasper_question_008cbc2bd0a4486b49dc,0
True,3,3,paper_38bbb2a05e8c8c5c1feb,qasper_question_42e850c3a9e69e980d3a,0
True,2,2,paper_38bbb2a05e8c8c5c1feb,qasper_question_43fb074c740c5345fb9c,0
True,2,2,paper_38bbb2a05e8c8c5c1feb,qasper_question_092e3affafeaa85f3fb7,0
True,4,4,paper_38bbb2a05e8c8c5c1feb,qasper_question_5c8cd0a0c393ffeccf68,0
True,3,3,paper_38bbb2a05e8c8c5c1feb,qasper_question_60f9a687750c4ce5f71c,0
True,2,2,paper_b83d58be9a90dd8f436a,qasper_question_9e255af8098f069ab090,0
True,4,4,paper_b83d58be9a90dd8f436a,qasper_question_7b361621252394422570,0
True,3,3,paper_b83d58be9a90dd8f436a,qasper_question_046658eeb22269fba431,0
True,3,3,paper_a38a284300a5facaea5c,qasper_question_370c702f6c3675718468,0
True,4,4,paper_999bbc915fded0f5145d,qasper_question_ad26769555c624247d92,0
True,2,2,paper_999bbc915fded0f5145d,qasper_question_6e8eb833a8343a2c4c50,0
True,2,2,paper_999bbc915fded0f5145d,qasper_question_4d61d8d19f5f4774283a,0
True,3,3,paper_999bbc915fded0f5145d,qasper_question_dea381bc3b322e8b64c6,0
True,12,12,paper_46f504ef288ae8a71c91,qasper_question_448c6a4adca10b1b2048,0
True,4,4,paper_46f504ef288ae8a71c91,qasper_question_1366fa77b250f3128b49,0
True,22,22,paper_46f504ef288ae8a71c91,qasper_question_7cfdcead11e9cb044e39,0
True,2,2,paper_46f504ef288ae8a71c91,qasper_question_3e153ca22cbfcc9d5fa3,0
False,5,6,paper_7fcd742dcf92190ea7a0,qasper_question_bb4518e1f15c27f811ba,1
True,3,3,paper_7fcd742dcf92190ea7a0,qasper_question_f6952061e3fc756dc78c,0
True,3,3,paper_7fcd742dcf92190ea7a0,qasper_question_16854edf8573476ce2e9,0
False,3,4,paper_7fcd742dcf92190ea7a0,qasper_question_c346dc0bef651c2893e7,1
True,5,5,paper_d29949e3e25186639044,qasper_question_662ba5bbd54a7e3d3682,0
True,4,4,paper_d4a9918f2bea9376df68,qasper_question_ae6680cff5ef5da88db4,0
True,1,1,paper_d4a9918f2bea9376df68,qasper_question_c8d4c500915030456e46,0
True,3,3,paper_d4a9918f2bea9376df68,qasper_question_4f5381409891eefff36d,0
True,2,2,paper_f540904174c38e23a01f,qasper_question_bc29b901d582fb5c57dc,0
True,2,2,paper_f540904174c38e23a01f,qasper_question_6b755c33f0821b819088,0
True,2,2,paper_f540904174c38e23a01f,qasper_question_91d06b7747a40c278237,0
True,2,2,paper_af25f7c3affa61a2ab3d,qasper_question_c956676fd5b84bbc5cd9,0
True,2,2,paper_af25f7c3affa61a2ab3d,qasper_question_40b81d8fdfecfc7e2e2d,0
True,1,1,paper_4811aa7bedb1b838b538,qasper_question_a6f1ec1f83b9d67786d7,0
True,2,2,paper_4811aa7bedb1b838b538,qasper_question_20c5b18146741ac6021a,0
True,2,2,paper_4811aa7bedb1b838b538,qasper_question_3d4ed8606e5b10f5cc7e,0
True,2,2,paper_4811aa7bedb1b838b538,qasper_question_1a889ce31c64448a1588,0
True,1,1,paper_c5052d77d27121b90ac3,qasper_question_ba1eee8a847e47dafbd4,0
True,2,2,paper_c5052d77d27121b90ac3,qasper_question_842ac6acd6e6bf36ddeb,0
True,2,2,paper_c5052d77d27121b90ac3,qasper_question_819f950c8a88a07917b6,0
True,1,1,paper_c5052d77d27121b90ac3,qasper_question_3b30be09aa34683071fa,0
True,2,2,paper_c5052d77d27121b90ac3,qasper_question_dd99ba4393e0fb4ce33e,0
True,3,3,paper_8e958d349ef939abc016,qasper_question_f7033f6d8fd28ca0fe64,0
True,2,2,paper_6b7542293bb608e8f943,qasper_question_8d5fdc1c63b0d4b3e24b,0
True,2,2,paper_6b7542293bb608e8f943,qasper_question_3d66fb9aa4229b763425,0
True,2,2,paper_6b7542293bb608e8f943,qasper_question_fca82dc38ac8d2fc132f,0
True,2,2,paper_46e4cd40b67f64688461,qasper_question_a38bc021f931ab5aec55,0
True,2,2,paper_92d547064336f3c5107e,qasper_question_8003d463a8b1d5952380,0
True,2,2,paper_92d547064336f3c5107e,qasper_question_113cf6ef65b5f4255298,0
True,2,2,paper_c9e76df49ff485e81fea,qasper_question_25f2b928d425f00683b0,0
True,7,7,paper_c9e76df49ff485e81fea,qasper_question_4f20c12cdb5bd5aa8b83,0
True,3,3,paper_c9e76df49ff485e81fea,qasper_question_45865364e74613f9cb31,0
True,2,2,paper_c9e76df49ff485e81fea,qasper_question_9f3fe1aa101604308bbf,0
True,3,3,paper_5c35be9d317d1bc1f81b,qasper_question_d5460cfc8b15d552a456,0
True,2,2,paper_5c35be9d317d1bc1f81b,qasper_question_9449a818ace74a991764,0
True,5,5,paper_cf2084d30c2ea584a4e4,qasper_question_2b488ecc16a2f8ad7f7c,0
True,6,6,paper_36c9ca53820ccc8d6fbf,qasper_question_ce6dc3d499b479cd91f6,0
True,5,5,paper_36c9ca53820ccc8d6fbf,qasper_question_930091c5e1814e105917,0
True,2,2,paper_36c9ca53820ccc8d6fbf,qasper_question_b4f55fb3422d17f1679e,0
True,3,3,paper_e1bd7fdd6d452fd27e04,qasper_question_c2fb4940d06f02f461e1,0
True,3,3,paper_e1bd7fdd6d452fd27e04,qasper_question_e9c109f81caf07915986,0
True,4,4,paper_e1bd7fdd6d452fd27e04,qasper_question_9e89f76e554803653d46,0
True,3,3,paper_e1bd7fdd6d452fd27e04,qasper_question_7e2288f050bb44890fd1,0
True,2,2,paper_e1bd7fdd6d452fd27e04,qasper_question_0a9373f7ee1c1dd5393c,0
True,12,12,paper_e1bd7fdd6d452fd27e04,qasper_question_197bc9764ce192ac886b,0
True,3,3,paper_5fc254f17bbb3406d796,qasper_question_7fa117583b5da5ea6a59,0
True,2,2,paper_5fc254f17bbb3406d796,qasper_question_370d8f44691cdc4569c8,0
True,3,3,paper_5fc254f17bbb3406d796,qasper_question_95a09aef54173e11d773,0
True,2,2,paper_5fc254f17bbb3406d796,qasper_question_1eb5636514274e5feb27,0
True,2,2,paper_21b5a6e3df58644f843e,qasper_question_fa8fc1d4796e71d34fc3,0
True,2,2,paper_21b5a6e3df58644f843e,qasper_question_bacca6ba7832cf6e809f,0
True,2,2,paper_9af9806c5d9e9f5f4c41,qasper_question_5a8c494a30fcb1174cf2,0
True,2,2,paper_9af9806c5d9e9f5f4c41,qasper_question_e45cf338367fb6943bc6,0
True,3,3,paper_9af9806c5d9e9f5f4c41,qasper_question_82eac726006590ca8d93,0
True,2,2,paper_9af9806c5d9e9f5f4c41,qasper_question_636252e564c1c73d2dc7,0
True,10,10,paper_ff239bc4f9e8e7509308,qasper_question_326c8109023272a58314,0
True,1,1,paper_ff239bc4f9e8e7509308,qasper_question_f9aaf7434ebf5daedf04,0
True,4,4,paper_ff239bc4f9e8e7509308,qasper_question_75db6ea0ef4bd3199a7d,0
True,3,3,paper_a58687ead69d52f48be9,qasper_question_709899a79ea9eec501ae,0
True,3,3,paper_a58687ead69d52f48be9,qasper_question_68fcbbef40b25da12316,0
True,3,3,paper_a58687ead69d52f48be9,qasper_question_7ea8360e38177be4a44f,0
True,2,2,paper_ef4d03a7f5eed6a8fb94,qasper_question_c0981875a03d2e6df87c,0
True,9,9,paper_ef4d03a7f5eed6a8fb94,qasper_question_a8cd37cd77a0dde55198,0
True,1,1,paper_ef4d03a7f5eed6a8fb94,qasper_question_456370088d0ff746b478,0
True,3,3,paper_4c890c53ced8e77fe36f,qasper_question_7b43953b6a490d13ce5b,0
False,3,4,paper_86f2599af5b6451817d1,qasper_question_9235e333977c652a715f,1
True,2,2,paper_e5a350887d7c74fdf992,qasper_question_6e8d3fbd37522607d705,0
True,11,11,paper_e5a350887d7c74fdf992,qasper_question_198753bda2f05f1d9cac,0
True,4,4,paper_e5a350887d7c74fdf992,qasper_question_121c64d8cf8673c9a9a5,0
True,6,6,paper_e5a350887d7c74fdf992,qasper_question_9c64835229a4bd162960,0
True,8,8,paper_e5a350887d7c74fdf992,qasper_question_d50e3be45162acc60ec6,0
True,3,3,paper_83f89379bd57617843db,qasper_question_5dc1245e28636392a27f,0
True,4,4,paper_83f89379bd57617843db,qasper_question_da3ef4faa1a04d589180,0
True,5,5,paper_83f89379bd57617843db,qasper_question_b667a952ddcfc30c8e42,0
True,2,2,paper_83f89379bd57617843db,qasper_question_b9821ea5765e3f69cb9d,0
True,2,2,paper_83f89379bd57617843db,qasper_question_e73a89785fdd4664fcbd,0
True,2,2,paper_83f89379bd57617843db,qasper_question_bb8cf8072d9076718468,0
True,4,4,paper_272370e229557337e72b,qasper_question_3481228a8d2691276efa,0
True,12,12,paper_272370e229557337e72b,qasper_question_ee672c4e512a3accf199,0
True,4,4,paper_d438b608dfc027da321e,qasper_question_59afb2a57fe62d510998,0
False,11,14,paper_d438b608dfc027da321e,qasper_question_6a38acb806a0bf5be830,3
False,4,5,paper_d438b608dfc027da321e,qasper_question_91b50b6aa9ee23d712d3,1
False,2,3,paper_d438b608dfc027da321e,qasper_question_7a2cc19bb6fe10dccc26,1
True,3,3,paper_d438b608dfc027da321e,qasper_question_0acb2c2de203c730ace3,0
True,2,2,paper_d438b608dfc027da321e,qasper_question_9fa740fb182f9c2336d5,0
True,8,8,paper_d438b608dfc027da321e,qasper_question_2aa6f03163d73d6e6548,0
True,3,3,paper_37fba28085a1802a0686,qasper_question_fbb47a61f2c43578a3a7,0
True,3,3,paper_37fba28085a1802a0686,qasper_question_61d94f795712adfc83e7,0
True,5,5,paper_9dfe6e160026ff382f40,qasper_question_b78f1351d46117908d04,0
True,3,3,paper_9dfe6e160026ff382f40,qasper_question_817c05b9d068e6fea7de,0
True,12,12,paper_9dfe6e160026ff382f40,qasper_question_5eb94b4ca24ab4931ffa,0
True,2,2,paper_0d233f90c69df32b617d,qasper_question_b4a6e10655f681ede344,0
True,2,2,paper_0d233f90c69df32b617d,qasper_question_63a55cc0da6fa9b23f07,0
True,3,3,paper_0d233f90c69df32b617d,qasper_question_b255d0c32fca4c15eda7,0
True,3,3,paper_7d433cdd94e679f512b9,qasper_question_c5958560a1b3271c1a3e,0
True,2,2,paper_7d433cdd94e679f512b9,qasper_question_233ebffb6fb5c540f000,0
True,3,3,paper_7d433cdd94e679f512b9,qasper_question_551b7f24de0384371f53,0
True,3,3,paper_7d433cdd94e679f512b9,qasper_question_e63d27740eb95dfc7823,0
True,3,3,paper_8d950b0d53ca58275976,qasper_question_776f48139ad88c388b44,0
True,6,6,paper_8d950b0d53ca58275976,qasper_question_85b15eae3a34c3118f94,0
True,3,3,paper_0d2a79849a1f674706be,qasper_question_84dce05c772c21b74b96,0
True,3,3,paper_0d2a79849a1f674706be,qasper_question_7c10ed48b37708a0fec9,0
True,3,3,paper_0d2a79849a1f674706be,qasper_question_c9163f062be882122d2a,0
True,5,5,paper_0d2a79849a1f674706be,qasper_question_9ae4edbc817f83acbfe2,0
True,2,2,paper_afbd8521c4af912df6a6,qasper_question_2ddbd17b0dd2d6a5a3b6,0
True,3,3,paper_afbd8521c4af912df6a6,qasper_question_47ebd7fd8af17bb21a7f,0
True,3,3,paper_f7f6bd77b658d8a21703,qasper_question_5d70ae0ab4136663a22a,0
True,3,3,paper_f7f6bd77b658d8a21703,qasper_question_12b5ffa279e61f398b0c,0
True,3,3,paper_f7f6bd77b658d8a21703,qasper_question_923e322df2062dd23df6,0
True,2,2,paper_f7f6bd77b658d8a21703,qasper_question_ae1f040b26cb168d0b50,0
True,2,2,paper_f7f6bd77b658d8a21703,qasper_question_562fdcc2b0fe1043fed4,0
True,2,2,paper_20b62cc6918addd9e257,qasper_question_eafb616fd1893158a2eb,0
False,3,4,paper_20b62cc6918addd9e257,qasper_question_124b28dc8c4de765c059,1
True,2,2,paper_7ecb5b4b3ef749ecc0ba,qasper_question_7aec9f9f306d50134769,0
True,3,3,paper_7ecb5b4b3ef749ecc0ba,qasper_question_6f52ea5f98200c91c526,0
False,2,3,paper_7ecb5b4b3ef749ecc0ba,qasper_question_11114febfb237c07353d,1
True,6,6,paper_7ecb5b4b3ef749ecc0ba,qasper_question_025d92e6969c0d0d6d1c,0
True,3,3,paper_ef8b399a9425aca357d5,qasper_question_161a7440eaa7031b5d6a,0
True,2,2,paper_ef8b399a9425aca357d5,qasper_question_cdf9115bc7674e9378eb,0
True,9,9,paper_4c8fdbb0c0aeafaa361e,qasper_question_2c6ad07efdb84ec4a411,0
True,3,3,paper_4c8fdbb0c0aeafaa361e,qasper_question_fc95262d3b118ec94976,0
True,2,2,paper_4c8fdbb0c0aeafaa361e,qasper_question_7152f40124390e718a7d,0
True,10,10,paper_4c8fdbb0c0aeafaa361e,qasper_question_4513cc5c4927d1045c44,0
True,3,3,paper_4c8fdbb0c0aeafaa361e,qasper_question_eee204444e0741223beb,0
True,18,18,paper_4c8fdbb0c0aeafaa361e,qasper_question_b6c23fad5e0cbd133f8e,0
True,4,4,paper_4c8fdbb0c0aeafaa361e,qasper_question_01b6107553eb79b5db5c,0
True,9,9,paper_9af006bc1920542cdcd6,qasper_question_3ecc64a1ce1504e75817,0
True,1,1,paper_9af006bc1920542cdcd6,qasper_question_03e8757b79251131e183,0
True,6,6,paper_9af006bc1920542cdcd6,qasper_question_d4adabf82a28428c9e11,0
True,3,3,paper_ccf4c1f171337308e9f7,qasper_question_e8e0826fd99ecfc942a6,0
True,6,6,paper_ccf4c1f171337308e9f7,qasper_question_ff574191cd58c97e200e,0
True,3,3,paper_ccf4c1f171337308e9f7,qasper_question_a7cff75c39e96091b728,0
True,3,3,paper_ccf4c1f171337308e9f7,qasper_question_c19a2d21fe1652406f54,0
True,15,15,paper_ccf4c1f171337308e9f7,qasper_question_39d26690898636f329ac,0
True,2,2,paper_ccf4c1f171337308e9f7,qasper_question_1459c2a3c89e36c4580f,0
True,2,2,paper_eb4520e79189ede5e9e4,qasper_question_493ef85b8ea0b5c5e8c4,0
True,1,1,paper_eb4520e79189ede5e9e4,qasper_question_f77cf0a7e29699992c91,0
True,18,18,paper_16edb36161427abff42c,qasper_question_892897470ac4f11ab0eb,0
False,7,8,paper_16edb36161427abff42c,qasper_question_d1b759c2c87a5578f56a,1
True,5,5,paper_16edb36161427abff42c,qasper_question_da1d30c9bbe762ae4540,0
True,4,4,paper_b9a888bf36b4b1541494,qasper_question_0b7e30bb6f731fe6d256,0
True,3,3,paper_b9a888bf36b4b1541494,qasper_question_a57d954b21606f3ca60d,0
True,4,4,paper_531c24072643dfca1e60,qasper_question_2c47dd579ce8ba03413a,0
True,2,2,paper_531c24072643dfca1e60,qasper_question_cb342c38b56393bc4cf7,0
True,2,2,paper_531c24072643dfca1e60,qasper_question_861943dd7316a71e5310,0
True,2,2,paper_531c24072643dfca1e60,qasper_question_278a3e09b49598f77057,0
True,2,2,paper_531c24072643dfca1e60,qasper_question_7f7796e9989fa3ad9eb7,0
True,6,6,paper_404eb354ff0681fc91e0,qasper_question_4641935c61b9b3f118af,0
True,4,4,paper_404eb354ff0681fc91e0,qasper_question_0267d91799a560660d61,0
True,4,4,paper_404eb354ff0681fc91e0,qasper_question_64345e76df01eac0a391,0
True,3,3,paper_404eb354ff0681fc91e0,qasper_question_454700dacfe8399f1f73,0
True,6,6,paper_9d4d91e75802436c3ffd,qasper_question_d422fa6362d6f686152c,0
True,3,3,paper_9d4d91e75802436c3ffd,qasper_question_4c2d84a26880e5cacd06,0
True,4,4,paper_9d4d91e75802436c3ffd,qasper_question_41542a6710baae5ff400,0
True,2,2,paper_9d4d91e75802436c3ffd,qasper_question_0c5fb33b65ff6e52c313,0
True,4,4,paper_b0436f1b5ae57680b7a7,qasper_question_f6a594932dd94cf9df16,0
True,6,6,paper_b0436f1b5ae57680b7a7,qasper_question_380b0ad513f44253435b,0
True,2,2,paper_b0436f1b5ae57680b7a7,qasper_question_f92494bc42b37144e954,0
True,5,5,paper_27638ed11453d0aa5727,qasper_question_9ade09715c4f5af31ecd,0
True,6,6,paper_27638ed11453d0aa5727,qasper_question_be2fc4d4286c8b5d33df,0
True,5,5,paper_27638ed11453d0aa5727,qasper_question_76ceea71d33e2adcbcca,0
True,3,3,paper_27638ed11453d0aa5727,qasper_question_615a4225c85d6b6e7bac,0
True,3,3,paper_27638ed11453d0aa5727,qasper_question_1efad738f25fb513f870,0
True,3,3,paper_7566a7cc8cee6b47e5fd,qasper_question_8f8123c611ddac958520,0
True,6,6,paper_7566a7cc8cee6b47e5fd,qasper_question_fda51893112220e0c8ee,0
True,1,1,paper_7566a7cc8cee6b47e5fd,qasper_question_c9047919fb1d384e530a,0
True,5,5,paper_a763bcc9e05019879a15,qasper_question_97005757749b7707aa0b,0
True,8,8,paper_a763bcc9e05019879a15,qasper_question_f5cedef32fe95c7bbcaf,0
True,1,1,paper_827b994886b8308ca7c4,qasper_question_bd6bd409c247210af0f3,0
True,1,1,paper_827b994886b8308ca7c4,qasper_question_280351f7613c3e533628,0
True,2,2,paper_827b994886b8308ca7c4,qasper_question_ae77044dacb823e313e0,0
True,4,4,paper_827b994886b8308ca7c4,qasper_question_494a247ab130003977bd,0
True,3,3,paper_827b994886b8308ca7c4,qasper_question_ad33251289cbf3fb6c7e,0
True,2,2,paper_42ee5e3eb300297c5632,qasper_question_fadc3fe5e578be2f3129,0
True,3,3,paper_42ee5e3eb300297c5632,qasper_question_cf13b6203dd5a9b24427,0
True,2,2,paper_42ee5e3eb300297c5632,qasper_question_3dcc5239b795d5883923,0
True,2,2,paper_42ee5e3eb300297c5632,qasper_question_fca8f0eae568b563f4e1,0
True,2,2,paper_42ee5e3eb300297c5632,qasper_question_de7227113e0a8c9c5191,0
True,1,1,paper_d94fafce4092b63b1233,qasper_question_d19742a2c0999d0f93f0,0
True,2,2,paper_d94fafce4092b63b1233,qasper_question_e3bbc0c3864245f0c770,0
True,2,2,paper_d94fafce4092b63b1233,qasper_question_f7df82050c0ad0cd7618,0
True,4,4,paper_1ca52dcb2f18378646fa,qasper_question_251f0c3dc247cc7fefd6,0
True,2,2,paper_1ca52dcb2f18378646fa,qasper_question_cf0dfd31f0f7b2f045cc,0
True,3,3,paper_1ca52dcb2f18378646fa,qasper_question_74ea176ae43620a1339b,0
True,3,3,paper_1ca52dcb2f18378646fa,qasper_question_2e6dfb0f64c3ea590e44,0
True,3,3,paper_1d4b6a8c2c70b6951679,qasper_question_f64687433fa21a9c64da,0
True,5,5,paper_1d4b6a8c2c70b6951679,qasper_question_57ac0223d4302f83df1b,0
True,2,2,paper_4b9a4221972c8877a7a7,qasper_question_53fcdd9726b5464aff0b,0
True,4,4,paper_4b9a4221972c8877a7a7,qasper_question_a82f2f7f60d7e4a86608,0
True,3,3,paper_4808ad1ae02f98a82143,qasper_question_6f8e53828c1c32118404,0
True,2,2,paper_4808ad1ae02f98a82143,qasper_question_541f0b0d132851d90fbc,0
True,3,3,paper_4808ad1ae02f98a82143,qasper_question_ff44728427e1b88d5250,0
True,4,4,paper_4808ad1ae02f98a82143,qasper_question_c97351a5377716fed9ca,0
True,3,3,paper_4808ad1ae02f98a82143,qasper_question_39a71c2df85a6bf1a476,0
True,3,3,paper_4808ad1ae02f98a82143,qasper_question_a87ef4a1f03d028b5850,0
True,2,2,paper_e17e730876a2d4cc279a,qasper_question_b57e04e799f87d3c7262,0
True,2,2,paper_e17e730876a2d4cc279a,qasper_question_8ef882993b3c533c6b5a,0
True,3,3,paper_a6e8e047d51676e11d64,qasper_question_f1dcc18c8548b4bde8cc,0
True,3,3,paper_a6e8e047d51676e11d64,qasper_question_9be11f0b6bbcfd75ec8d,0
True,1,1,paper_a6e8e047d51676e11d64,qasper_question_87544619fd2524d1c79b,0
True,5,5,paper_a6e8e047d51676e11d64,qasper_question_92ec533fa653134032ec,0
True,3,3,paper_e9df44fcb63edc0bb4ae,qasper_question_f841cd44895bb854a7a5,0
True,6,6,paper_60c6f32ab277a593d9a3,qasper_question_e89d49216ecce808d99a,0
True,3,3,paper_60c6f32ab277a593d9a3,qasper_question_eef6eb28105a6b4faad6,0
True,8,8,paper_60c6f32ab277a593d9a3,qasper_question_717f8b6d5b829e834c3d,0
True,2,2,paper_bf6c91dc03e9534d2623,qasper_question_fe8e2273cf0cca11e18c,0
False,2,3,paper_bf6c91dc03e9534d2623,qasper_question_565c8b6e2c29f4e7283a,1
False,13,14,paper_c844aca76ab826622d54,qasper_question_f22d471483cd4c94bbbf,1
True,3,3,paper_c844aca76ab826622d54,qasper_question_e4cbb8077f562c218c64,0
True,2,2,paper_3a746240da14d85041c1,qasper_question_7800bd49d3706daf31ef,0
True,1,1,paper_3a746240da14d85041c1,qasper_question_ca8e24565c7031693eb1,0
True,3,3,paper_469d8264e0a58736478d,qasper_question_d0475aa6c91f2ba3c382,0
True,3,3,paper_469d8264e0a58736478d,qasper_question_164f99414188a3b2e66a,0
True,3,3,paper_469d8264e0a58736478d,qasper_question_8c9b2b2bb758bf992273,0
True,4,4,paper_469d8264e0a58736478d,qasper_question_5f072175da9d0b907284,0
True,2,2,paper_23ff9e2f1a0705521ac1,qasper_question_382bdf553080a278155f,0
True,2,2,paper_23ff9e2f1a0705521ac1,qasper_question_5a0c2e94154e3160f16d,0
False,1,2,paper_23ff9e2f1a0705521ac1,qasper_question_c1e5a19ec1c9064fdd6a,1
True,5,5,paper_85117ae4f28f3caef6fc,qasper_question_73a1dac60158234c8588,0
True,3,3,paper_85117ae4f28f3caef6fc,qasper_question_fc306a52e1a5aecb7284,0
True,2,2,paper_85117ae4f28f3caef6fc,qasper_question_5a76270d7544b1b9956c,0
True,2,2,paper_97f16147081ad403582f,qasper_question_492247517690ec52792e,0
True,2,2,paper_079825dc5df5505d9bd1,qasper_question_3c7d6df215a114bfe4ff,0
True,2,2,paper_079825dc5df5505d9bd1,qasper_question_d40a097a01e0ff3b2d2e,0
True,2,2,paper_4f06a0885798a1844277,qasper_question_1279e2ec4a01d01be4c7,0
True,1,1,paper_4f06a0885798a1844277,qasper_question_ff78b1775386ba7ecab1,0
True,1,1,paper_4f06a0885798a1844277,qasper_question_2d8900c9b53089ba0077,0
True,1,1,paper_4f06a0885798a1844277,qasper_question_f2773a3871c3b71abe8a,0
True,2,2,paper_4f06a0885798a1844277,qasper_question_4bbfa4337e7035ae0e26,0
True,5,5,paper_4f06a0885798a1844277,qasper_question_756374f5a0dbf874b5ac,0
True,1,1,paper_4f06a0885798a1844277,qasper_question_560020d7115434340673,0
True,3,3,paper_44ea1b0637514fd54b24,qasper_question_ff2f24126df2576c4a3f,0
True,3,3,paper_44ea1b0637514fd54b24,qasper_question_f46f1dbcc134dbf07bda,0
True,3,3,paper_44ea1b0637514fd54b24,qasper_question_550e6848f5dadadeea15,0
True,4,4,paper_3fc07cd21e0c05a2f9dd,qasper_question_ebc7c945e4f907c763bb,0
True,3,3,paper_3fc07cd21e0c05a2f9dd,qasper_question_72b49e1b326da7df31c2,0
True,3,3,paper_5d9f99f4ac98f3ef5918,qasper_question_82eecd6cbbfed437fada,0
False,5,6,paper_5d9f99f4ac98f3ef5918,qasper_question_8eb7f898d4f5d6270d93,1
True,29,29,paper_5d9f99f4ac98f3ef5918,qasper_question_2ef341f9e31f7509b9cb,0
True,22,22,paper_5d9f99f4ac98f3ef5918,qasper_question_2c5bdef1d2043636ddda,0
True,4,4,paper_b9c46ac21a531cb26105,qasper_question_b8ba3f6c0d919cd49c62,0
True,3,3,paper_b9c46ac21a531cb26105,qasper_question_9e5123e55ecb0bd57a33,0
True,3,3,paper_b9c46ac21a531cb26105,qasper_question_9d715da01847aaab75f2,0
True,2,2,paper_c03bfdfdf36ba5867862,qasper_question_c92f0715c18b392fcb53,0
True,2,2,paper_362e0bc90ba64936a5c8,qasper_question_0ea2d53d74165e6e7b01,0
True,2,2,paper_4e3d7d5164668c0cc016,qasper_question_289ca8250e89c05de00a,0
True,2,2,paper_d64cbeede9d6864e759f,qasper_question_8ea5314f473d93caf9e1,0
True,1,1,paper_d64cbeede9d6864e759f,qasper_question_ea541b06c5214bcb7943,0
True,2,2,paper_d64cbeede9d6864e759f,qasper_question_79b478a0ee7bca878c8b,0
True,2,2,paper_d64cbeede9d6864e759f,qasper_question_b39e97bbf622a33482a7,0
True,2,2,paper_d64cbeede9d6864e759f,qasper_question_34caf35f3d10068cbc56,0
True,4,4,paper_c533e8025c1e254ac353,qasper_question_ba6118498388d0a056ba,0
True,6,6,paper_c533e8025c1e254ac353,qasper_question_a7d4673007e3bb423840,0
True,3,3,paper_c533e8025c1e254ac353,qasper_question_1b39d1234e7f6f2f3e6f,0
True,5,5,paper_c533e8025c1e254ac353,qasper_question_1bb7c71820048f5ed8f3,0
True,5,5,paper_e20675ed06251d53bc3c,qasper_question_dedbb515fbab6cbfd2aa,0
True,5,5,paper_e20675ed06251d53bc3c,qasper_question_5314f87beab105ec348d,0
True,1,1,paper_e20675ed06251d53bc3c,qasper_question_e10e90efa43b74824979,0
True,4,4,paper_e20675ed06251d53bc3c,qasper_question_7a21ca96438cacb8dd65,0
True,3,3,paper_ebec8282abed08d8e4dd,qasper_question_72c658d2cde8dbc69571,0
True,5,5,paper_10a1e8cd8c1007037857,qasper_question_0b9fe631d7dce63d7ecb,0
True,18,18,paper_10a1e8cd8c1007037857,qasper_question_19d46f6c9464c6d81b7c,0
True,4,4,paper_a7f7fc95994bd031c2a0,qasper_question_ef053cab2405723256a4,0
True,2,2,paper_38f7b93c055f49cf84f7,qasper_question_652180c3231467552ed9,0
True,2,2,paper_38f7b93c055f49cf84f7,qasper_question_92e9e6aa64108df5aeb5,0
True,2,2,paper_38f7b93c055f49cf84f7,qasper_question_045604b4d2f82332c1f4,0
True,2,2,paper_38f7b93c055f49cf84f7,qasper_question_0be6d1cfd13b757079de,0
True,1,1,paper_927bb0ec27a773709ae8,qasper_question_9f183c85b3977cd9e86e,0
True,3,3,paper_927bb0ec27a773709ae8,qasper_question_44d99cd9592302420bb4,0
True,1,1,paper_927bb0ec27a773709ae8,qasper_question_448d18b01ac40d1163c6,0
True,3,3,paper_927bb0ec27a773709ae8,qasper_question_ce882e248a3ac2711392,0
True,1,1,paper_927bb0ec27a773709ae8,qasper_question_59dc8b20d1609c05de0a,0
True,3,3,paper_927bb0ec27a773709ae8,qasper_question_a8ba4a7d8b42e1d930bc,0
True,1,1,paper_927bb0ec27a773709ae8,qasper_question_aca654354ec05162608f,0
True,4,4,paper_927bb0ec27a773709ae8,qasper_question_b439f18f74fb6bda58cc,0
True,3,3,paper_f1ba6f8604f74d87ea1a,qasper_question_af9ddfec01c69e09d4e4,0
True,2,2,paper_f1ba6f8604f74d87ea1a,qasper_question_bf9fc98f4443b6e1f08e,0
True,1,1,paper_01759188ae79936e1b89,qasper_question_9901a81d7537b1716892,0
True,11,11,paper_6c9feb737ad738fa421e,qasper_question_12f22b1198b70eff346a,0
True,3,3,paper_6c9feb737ad738fa421e,qasper_question_487a732e2518446bfdea,0
True,2,2,paper_6c9feb737ad738fa421e,qasper_question_75cf883354865eb9d559,0
True,5,5,paper_2aa728f292ad09a9e0af,qasper_question_08925665008d4e9050c8,0
True,3,3,paper_2aa728f292ad09a9e0af,qasper_question_108f1e11062ae38c4241,0
True,4,4,paper_2aa728f292ad09a9e0af,qasper_question_98383273721a993441de,0
True,3,3,paper_2aa728f292ad09a9e0af,qasper_question_1b762a878bf4d18cba8f,0
True,6,6,paper_f2e122b80f3b2d0f6293,qasper_question_78c4cb81938e43147ab4,0
True,6,6,paper_0e735aa7e91175523423,qasper_question_345f4519aae798040e85,0
True,2,2,paper_0e735aa7e91175523423,qasper_question_246a0c0386bae411e194,0
True,4,4,paper_0e735aa7e91175523423,qasper_question_97a9e0b97fa528d98dd0,0
True,1,1,paper_f41461d277a582d4e5e7,qasper_question_954c4f921e198590852c,0
True,4,4,paper_f41461d277a582d4e5e7,qasper_question_1fe392d29b8d878d27dc,0
True,4,4,paper_f41461d277a582d4e5e7,qasper_question_3fcab129b7025e9d33cf,0
True,3,3,paper_560773a6dbd2ad1441a5,qasper_question_dc46e55d9138aac66f85,0
True,3,3,paper_560773a6dbd2ad1441a5,qasper_question_30b235db1d9dd91e46a7,0
True,2,2,paper_560773a6dbd2ad1441a5,qasper_question_08fcea3b293694405014,0
True,3,3,paper_15031bfb1f79d64934a2,qasper_question_20f37f30e1e88d832039,0
True,13,13,paper_0cdc57f7c7a7e7678a95,qasper_question_e31c9349e1664d5b8894,0
True,2,2,paper_0cdc57f7c7a7e7678a95,qasper_question_4af4a28b21e88d1ab49b,0
True,3,3,paper_d453f5c9847c9ceb9bf6,qasper_question_6eb4828c7180b56a586c,0
True,3,3,paper_d453f5c9847c9ceb9bf6,qasper_question_17a04f4355fa0dd8cb7f,0
True,4,4,paper_d453f5c9847c9ceb9bf6,qasper_question_7afcaf6f83ec6bb6e76b,0
True,1,1,paper_d9fff8ec9905141a2d3c,qasper_question_2921fd3a94cccf5c6bae,0
True,1,1,paper_d9fff8ec9905141a2d3c,qasper_question_a26b20d682e970a28db6,0
True,3,3,paper_d9fff8ec9905141a2d3c,qasper_question_56e35af3096ec0261d60,0
True,6,6,paper_d9fff8ec9905141a2d3c,qasper_question_b017dacf3fea21d9b8f8,0
True,1,1,paper_6b0dab0529e32d56a710,qasper_question_ac5fb796c0805c3afd46,0
True,6,6,paper_6b0dab0529e32d56a710,qasper_question_5ea15cad13efa6ad38c2,0
True,3,3,paper_6b0dab0529e32d56a710,qasper_question_69f97b28cb226063794b,0
True,3,3,paper_bb992ac6f3153d236326,qasper_question_32c300261fa99b6f0d17,0
True,5,5,paper_cfc6b3d435368c64aa89,qasper_question_ed87e25441bbf51c5edd,0
True,4,4,paper_cfc6b3d435368c64aa89,qasper_question_d6da3e6a24202abb868a,0
True,3,3,paper_e0073038af4408287216,qasper_question_2c967e67bcf1fde0dea2,0
True,3,3,paper_26dd85348b7dc21a717e,qasper_question_413944c702684f87a801,0
True,3,3,paper_532c9449e556dd72d140,qasper_question_4cbec257c5064e7643b5,0
True,3,3,paper_532c9449e556dd72d140,qasper_question_7b83d7e8c2c199c99d6a,0
True,5,5,paper_532c9449e556dd72d140,qasper_question_faed527158897b7bc2c3,0
True,7,7,paper_a1112fc622540431e779,qasper_question_2a99c8b2fa14358ab559,0
True,6,6,paper_a1112fc622540431e779,qasper_question_02276d900df05e4c9a90,0
True,7,7,paper_a1112fc622540431e779,qasper_question_c622498ca950a857c9ab,0
True,2,2,paper_c57fadff9e8cad23ad85,qasper_question_fd983ce618863915ba61,0
True,2,2,paper_c57fadff9e8cad23ad85,qasper_question_50f7bc338ffc3b04bd40,0
True,6,6,paper_c57fadff9e8cad23ad85,qasper_question_9e312d38408fb18cd9b8,0
True,9,9,paper_c512034c2514987d7df8,qasper_question_b4e40fd71dd868d3c563,0
True,4,4,paper_c512034c2514987d7df8,qasper_question_d9b65ff3612b8b7c8d43,0
True,3,3,paper_4e478122a877663158f8,qasper_question_7d0bb3fc9ae99982d0f0,0
True,4,4,paper_4e478122a877663158f8,qasper_question_d99e108d1cc4458101e9,0
True,4,4,paper_4e478122a877663158f8,qasper_question_e5ce3624bf24f092bb51,0
True,3,3,paper_4e478122a877663158f8,qasper_question_d030a648aadd2627033d,0
True,2,2,paper_4e478122a877663158f8,qasper_question_f34bc20e8b2e9df15e69,0
False,13,14,paper_4e478122a877663158f8,qasper_question_737e469cb2c5ee0520d4,1
True,6,6,paper_9add0720bb739294a5a8,qasper_question_c7b24e6c39a263865d7f,0
True,2,2,paper_9add0720bb739294a5a8,qasper_question_b9a42cdf704fa98fd8f8,0
True,5,5,paper_9add0720bb739294a5a8,qasper_question_251805106d268ba665d2,0
True,3,3,paper_9add0720bb739294a5a8,qasper_question_59d9c7240e9dbcca558c,0
True,3,3,paper_e166b047798ee49c63c6,qasper_question_75ba0e6113bb8638d233,0
True,3,3,paper_e166b047798ee49c63c6,qasper_question_c250bc608f3945d22fa2,0
True,3,3,paper_e166b047798ee49c63c6,qasper_question_91bd2221b021edf5576d,0
True,2,2,paper_e166b047798ee49c63c6,qasper_question_a57644a98547376bdea4,0
True,3,3,paper_e166b047798ee49c63c6,qasper_question_28d144ec3f1190ddb809,0
True,4,4,paper_e166b047798ee49c63c6,qasper_question_813168b838de398d9e29,0
True,1,1,paper_e23d7a19c6aea198c466,qasper_question_fa6e5d352f3abafc6717,0
True,1,1,paper_e23d7a19c6aea198c466,qasper_question_e831ec58d92256cc48da,0
True,2,2,paper_8673a27263a139e318bb,qasper_question_d94799cc2c370f2d2956,0
True,2,2,paper_8673a27263a139e318bb,qasper_question_ce04a766d7d1de07266a,0
True,1,1,paper_8673a27263a139e318bb,qasper_question_78278ef0df3fc2f31e3a,0
True,8,8,paper_8d3462dfd582e3b51aec,qasper_question_40c7219c4bfbf058c57c,0
True,2,2,paper_305449988b87627053d1,qasper_question_3c1856c64d13bb010953,0
True,2,2,paper_305449988b87627053d1,qasper_question_27dee952f71bdd8e610f,0
True,1,1,paper_b1340f6e42f9004ec473,qasper_question_2ae8d98e2598e480587a,0
True,2,2,paper_b1340f6e42f9004ec473,qasper_question_3d8e432d8fd7b1db97a2,0
True,2,2,paper_b1340f6e42f9004ec473,qasper_question_3beb22857295c3e94e0d,0
True,3,3,paper_b1340f6e42f9004ec473,qasper_question_34ec63e81af1d3f46017,0
True,17,17,paper_81f2837727811be88d9f,qasper_question_d3ec7c905108be271794,0
True,2,2,paper_81f2837727811be88d9f,qasper_question_48e9df85bc875be3910f,0
True,3,3,paper_81f2837727811be88d9f,qasper_question_c48f600fdd53c805aa84,0
True,5,5,paper_e1b5585ab825e4fe33c3,qasper_question_465743ddc78ed4896f6e,0
True,3,3,paper_e1b5585ab825e4fe33c3,qasper_question_f6bd9c3aa14a652f0720,0
True,5,5,paper_e1b5585ab825e4fe33c3,qasper_question_4322a3398bf3ebfb542f,0
True,6,6,paper_e1b5585ab825e4fe33c3,qasper_question_e580c71c904f886f7299,0
False,8,10,paper_1726e955a03a455b19d6,qasper_question_031d0bb5daeb9673f118,2
True,3,3,paper_1726e955a03a455b19d6,qasper_question_6a3da51b12ef964e96ea,0
True,3,3,paper_e7c53c0d3ab5005a125f,qasper_question_ca43719609428739ac6c,0
True,2,2,paper_e7c53c0d3ab5005a125f,qasper_question_8fc9f57ea1ea286890b3,0
True,3,3,paper_e7c53c0d3ab5005a125f,qasper_question_54120f7be32f8b4e46bd,0
True,9,9,paper_f734b4bf9cdd55257ddd,qasper_question_f8c601a2ff541afe536f,0
True,3,3,paper_f734b4bf9cdd55257ddd,qasper_question_07de9b32c66dd8a671e2,0
True,2,2,paper_f734b4bf9cdd55257ddd,qasper_question_2de7bf2f2036f2f74a59,0
True,3,3,paper_f734b4bf9cdd55257ddd,qasper_question_4c4984c91f5e0fcbc8ed,0
True,2,2,paper_f734b4bf9cdd55257ddd,qasper_question_1ff703213edc0eba99c7,0
True,3,3,paper_42af5ea2a88659d61942,qasper_question_b95108d082a3855acfba,0
True,3,3,paper_42af5ea2a88659d61942,qasper_question_3a40ed6c2aa6a6ee26e7,0
True,3,3,paper_962bfcdb56742c1169c8,qasper_question_e89500d8d0b6751289e4,0
True,5,5,paper_962bfcdb56742c1169c8,qasper_question_96fe15bc6c68ff8075ed,0
True,2,2,paper_962bfcdb56742c1169c8,qasper_question_143e7397ee903783e49a,0
True,3,3,paper_962bfcdb56742c1169c8,qasper_question_49453f658b3a1c78a556,0
True,2,2,paper_dc407afa2b8ed702fd32,qasper_question_7f46a8ccd9c6b02130f8,0
True,2,2,paper_dc407afa2b8ed702fd32,qasper_question_52b95bd5de4039595333,0
True,2,2,paper_dc407afa2b8ed702fd32,qasper_question_6addc011e487928564ae,0
True,2,2,paper_dc407afa2b8ed702fd32,qasper_question_929b05e1920eedff2ef4,0
True,8,8,paper_22eb658a635547b52b79,qasper_question_f0afcfb1b81419ba8596,0
True,2,2,paper_31af46dc156b332efb7d,qasper_question_03dab3eaa92bcd927dcc,0
True,7,7,paper_e2143577ea337bf43e84,qasper_question_943cb20165325a3cc0d8,0
True,9,9,paper_e2143577ea337bf43e84,qasper_question_1b00af584fa2d090c85c,0
True,4,4,paper_875833b0126a554e1188,qasper_question_14e540bdd1e17bd50130,0
True,3,3,paper_875833b0126a554e1188,qasper_question_09da3f2d5578236b5557,0
True,2,2,paper_875833b0126a554e1188,qasper_question_e4c059c79eb2e89ba20d,0
True,3,3,paper_875833b0126a554e1188,qasper_question_586fa02781b00417e3a2,0
True,2,2,paper_875833b0126a554e1188,qasper_question_30c8e8462ab26b021a41,0
True,1,1,paper_875833b0126a554e1188,qasper_question_27f5187d7386f5a67d71,0
True,3,3,paper_c159906afdd1d44d2276,qasper_question_24be45b91b4b3d7c1733,0
True,2,2,paper_c159906afdd1d44d2276,qasper_question_75711e97e9919d81404e,0
True,2,2,paper_56e08cc72e854bcf32c0,qasper_question_9f005ccf5489f10d0eac,0
True,2,2,paper_56e08cc72e854bcf32c0,qasper_question_8a2293094d5703058e79,0
True,4,4,paper_a653196de0ff9a4fd0cf,qasper_question_9b19d830037a986749ed,0
True,1,1,paper_a653196de0ff9a4fd0cf,qasper_question_41d5899c2b8c6977cd28,0
True,3,3,paper_ea407dc03450190bfe66,qasper_question_dde738ffd39b6c8faedf,0
True,8,8,paper_ea407dc03450190bfe66,qasper_question_3c7968c1a96aef465963,0
True,3,3,paper_ea407dc03450190bfe66,qasper_question_2edeb6df3a7d5bfceac7,0
True,3,3,paper_ea407dc03450190bfe66,qasper_question_8f23197b05c767de8b90,0
True,11,11,paper_853205c34e08e2300c7f,qasper_question_b458f22674dd480915ef,0
True,9,9,paper_853205c34e08e2300c7f,qasper_question_cbd1cf805176bfb73449,0
True,5,5,paper_853205c34e08e2300c7f,qasper_question_2eef4d9001783642a939,0
True,2,2,paper_c78ba45a4c05821f50ec,qasper_question_4c109aaaa0a9f862c075,0
True,1,1,paper_c78ba45a4c05821f50ec,qasper_question_3bc630860aa08baeb9bf,0
True,4,4,paper_c78ba45a4c05821f50ec,qasper_question_7d2f7078d0343c66aab7,0
True,3,3,paper_c78ba45a4c05821f50ec,qasper_question_342077fa9f1ab06ef0bf,0
True,3,3,paper_c78ba45a4c05821f50ec,qasper_question_68909feaf533683e1daa,0
True,3,3,paper_c78ba45a4c05821f50ec,qasper_question_b09c8853fc7f5d40a6d1,0
True,3,3,paper_fc4f70d20cf98dbc68d0,qasper_question_60a8a05c2e9d5461560f,0
True,5,5,paper_fc4f70d20cf98dbc68d0,qasper_question_735e71f86daf48a7677a,0
True,15,15,paper_fc4f70d20cf98dbc68d0,qasper_question_fecba24d70c0da246d3e,0
True,2,2,paper_9884251bb8e90f56822c,qasper_question_205fa440b34e67ad4aaa,0
True,4,4,paper_9884251bb8e90f56822c,qasper_question_949c9d20a2c5e3bd6d31,0
True,5,5,paper_9884251bb8e90f56822c,qasper_question_3d7c073b190ab1e76d8c,0
True,5,5,paper_6bf51c2192c3dbf50047,qasper_question_3239334d66e431fcbbbc,0
True,3,3,paper_6bf51c2192c3dbf50047,qasper_question_a4c8d7b30dd8c6a7a759,0
True,3,3,paper_6bf51c2192c3dbf50047,qasper_question_7b537057a484c1cf2baf,0
True,4,4,paper_2c05091374bd23786efc,qasper_question_fc4e0e6202ece2b68c65,0
True,5,5,paper_08a0c37374198dfd898e,qasper_question_bee2d1e5a933cd598fec,0
False,3,4,paper_08a0c37374198dfd898e,qasper_question_5100068233c51737874b,1
True,2,2,paper_08a0c37374198dfd898e,qasper_question_36b29a13edbd76225595,0
True,2,2,paper_b2becc8aaf57ec624829,qasper_question_12190572f2fa14f40f3b,0
True,2,2,paper_b2becc8aaf57ec624829,qasper_question_759bb8dff2fbe95061fd,0
True,5,5,paper_a78554659d8cdfafe590,qasper_question_fad4aee0d5fb85ce631b,0
True,3,3,paper_a78554659d8cdfafe590,qasper_question_7b515afc1277b99f603b,0
False,2,3,paper_a78554659d8cdfafe590,qasper_question_5e9b5902c5d48c40f486,1
True,1,1,paper_610a222052ebfb8612af,qasper_question_69d2783163d58937e7ed,0
True,4,4,paper_610a222052ebfb8612af,qasper_question_d65946b7cf34d4b9ef0f,0
True,3,3,paper_610a222052ebfb8612af,qasper_question_dbdb656f3eabd50aa6c0,0
True,6,6,paper_1837a8e2fd2100a427b7,qasper_question_f62203033477ea44ca9f,0
True,1,1,paper_1837a8e2fd2100a427b7,qasper_question_e25f6686651f92cd6044,0
True,2,2,paper_1837a8e2fd2100a427b7,qasper_question_a4ed6a515b8f50931af2,0
True,2,2,paper_77ea56f2f5cbdc5119b0,qasper_question_e5250c543f2100aba15d,0
True,2,2,paper_77ea56f2f5cbdc5119b0,qasper_question_d01e332758e498cd29eb,0
True,2,2,paper_77ea56f2f5cbdc5119b0,qasper_question_9a72e093c0b5fe1e2cb6,0
True,5,5,paper_a54b56afd839eae0d7ba,qasper_question_ced7d54be6693d7dc0e4,0
True,5,5,paper_a54b56afd839eae0d7ba,qasper_question_72df18a9376bf09c1eca,0
True,2,2,paper_a54b56afd839eae0d7ba,qasper_question_f8fbcb4a4d79f84cedd7,0
True,3,3,paper_afc4b8ad6aefb95fd762,qasper_question_2a8f3f217199ac67bc6e,0
True,3,3,paper_afc4b8ad6aefb95fd762,qasper_question_e66e17de57acb67164a4,0
True,5,5,paper_bde70c24608dc6fab1b8,qasper_question_18af865e359f56596553,0
True,3,3,paper_bde70c24608dc6fab1b8,qasper_question_8ea07f118e0dbde5a759,0
True,4,4,paper_bde70c24608dc6fab1b8,qasper_question_5cadfae41eaa4cf48b79,0
True,5,5,paper_bde70c24608dc6fab1b8,qasper_question_b6e51f285aebde28c5e9,0
True,7,7,paper_bde70c24608dc6fab1b8,qasper_question_2a813d8eb2dbeb71d6cb,0
True,3,3,paper_bde70c24608dc6fab1b8,qasper_question_0062a3d84290000d00b5,0
True,3,3,paper_bde70c24608dc6fab1b8,qasper_question_1a82a831a803c70d3f8d,0
True,7,7,paper_bde70c24608dc6fab1b8,qasper_question_9f7da4ba2130d69be93e,0
True,2,2,paper_5734ccf06a6cbb57d704,qasper_question_a92acf8f51fb80747cd4,0
True,3,3,paper_4fa67dda22d0a1acbf79,qasper_question_b558e3a0710dca59b471,0
True,2,2,paper_4fa67dda22d0a1acbf79,qasper_question_30901772d864ddcbf2a4,0
True,3,3,paper_53cf089048c5a6f493f5,qasper_question_f158127dc280631a82ba,0
True,1,1,paper_53cf089048c5a6f493f5,qasper_question_352bc004859bbf34ebb8,0
False,6,7,paper_f0c7dae189e052339f8c,qasper_question_5176b11907d460ca958c,1
True,6,6,paper_f0c7dae189e052339f8c,qasper_question_83506e01494fdffd02b5,0
True,4,4,paper_f0c7dae189e052339f8c,qasper_question_43a13a55399e0aaa54bb,0
True,4,4,paper_f0c7dae189e052339f8c,qasper_question_e84616477165171b733b,0
True,2,2,paper_8e818801809a5e95b043,qasper_question_5258cfadb90c318b3755,0
True,2,2,paper_8e818801809a5e95b043,qasper_question_7b51bfc46faed2a69090,0
True,10,10,paper_8e818801809a5e95b043,qasper_question_a3489b7e2ec7409187e8,0
True,2,2,paper_05c05d009215dfe28e40,qasper_question_9469c7595b6e5a27bb2c,0
True,2,2,paper_05c05d009215dfe28e40,qasper_question_64569699f0eee998fcaa,0
True,6,6,paper_793d0c41a963c4b2e48b,qasper_question_1e7b7968fdadf0ce7482,0
True,2,2,paper_793d0c41a963c4b2e48b,qasper_question_16eb644ed4e464d10675,0
True,2,2,paper_793d0c41a963c4b2e48b,qasper_question_85feb06268421e93bcfe,0
True,8,8,paper_c9d8e3145b5282f154d5,qasper_question_f3175de3abfaa6b8e5d8,0
True,6,6,paper_c9d8e3145b5282f154d5,qasper_question_419edfd66641e67a0546,0
True,4,4,paper_c1d31c96cdca3f95314e,qasper_question_54c90eedbafe1480a01d,0
False,2,3,paper_c1d31c96cdca3f95314e,qasper_question_2dfb52d58df87f5c12d6,1
True,2,2,paper_ef195d32f99cdbf48676,qasper_question_d99d6d108f360332fbda,0
True,2,2,paper_ef195d32f99cdbf48676,qasper_question_78680059845a8fd783a0,0
True,5,5,paper_ef195d32f99cdbf48676,qasper_question_f0f363cbabbfafe757ec,0
True,3,3,paper_ef195d32f99cdbf48676,qasper_question_2f99612a9ed572fec68c,0
True,2,2,paper_ef195d32f99cdbf48676,qasper_question_530528f8137ea8e7bcd9,0
True,3,3,paper_b2b38e801efcda29acba,qasper_question_24d365ab924097b51216,0
True,3,3,paper_b2b38e801efcda29acba,qasper_question_dc16aaf0adfe9d1af71a,0
True,2,2,paper_f2694f9e5af8ae40282f,qasper_question_0ac235df23210042db1a,0
True,4,4,paper_f2694f9e5af8ae40282f,qasper_question_f450d5f4dc57c0df434b,0
True,2,2,paper_f2694f9e5af8ae40282f,qasper_question_dfcdcf61a79652b320b7,0
True,2,2,paper_2368d6d732508096b491,qasper_question_05e66e90ddfcdc06b064,0
True,1,1,paper_2368d6d732508096b491,qasper_question_b415bf2bd7c558eb89a3,0
True,2,2,paper_2368d6d732508096b491,qasper_question_ca7e1aef464062619aec,0
True,2,2,paper_2368d6d732508096b491,qasper_question_18215b9b897b698adcd0,0
True,4,4,paper_2368d6d732508096b491,qasper_question_5e571a2a157251be43e1,0
True,4,4,paper_86de802175da9762cb8c,qasper_question_9fc71ee7b984355c5c27,0
True,5,5,paper_86de802175da9762cb8c,qasper_question_8b8a688f1d220f1f091e,0
True,3,3,paper_86de802175da9762cb8c,qasper_question_41355edd37760516210f,0
True,4,4,paper_e13125040dc791888603,qasper_question_cd2b93d551fae3045e53,0
False,9,14,paper_e13125040dc791888603,qasper_question_0bcf1b6bd3032a247fe5,5
True,4,4,paper_e13125040dc791888603,qasper_question_7d5e65904a3df28160df,0
True,3,3,paper_e13125040dc791888603,qasper_question_647a17ff286f9bfac62c,0
True,3,3,paper_7148d9be220c399f4078,qasper_question_b390fb40df9854870e92,0
True,3,3,paper_7148d9be220c399f4078,qasper_question_6fce5702611a4ca48eb4,0
True,2,2,paper_7148d9be220c399f4078,qasper_question_9b259525e03998360605,0
True,2,2,paper_7148d9be220c399f4078,qasper_question_8785078a0e5b05de0105,0
True,1,1,paper_7148d9be220c399f4078,qasper_question_2f77259600c3d0020d9b,0
True,3,3,paper_301e8cb1e25e6f7d0d22,qasper_question_ddcd169c01574b1ecc0a,0
True,2,2,paper_301e8cb1e25e6f7d0d22,qasper_question_ef47222071fb6567e671,0
True,2,2,paper_301e8cb1e25e6f7d0d22,qasper_question_489196e18bf2f953935d,0
False,4,5,paper_3642fbc113eda0d89ff8,qasper_question_dc35f642de61dd77e38a,1
False,11,13,paper_3642fbc113eda0d89ff8,qasper_question_74a681a02cefc2d4ebfc,2
True,12,12,paper_3642fbc113eda0d89ff8,qasper_question_af126e84aaf95191ed3d,0
True,5,5,paper_3642fbc113eda0d89ff8,qasper_question_6b0562a7ff3843543c70,0
True,3,3,paper_fef85fefc8454d9b882b,qasper_question_42a4a382095dcde81a8a,0
True,3,3,paper_fef85fefc8454d9b882b,qasper_question_9195544088fc45fae58f,0
True,3,3,paper_fef85fefc8454d9b882b,qasper_question_0f167bb8fdb15fa6fa79,0
True,6,6,paper_e21a7c9f8c3213588ede,qasper_question_775fb4d6c2b4803d779f,0
True,2,2,paper_e21a7c9f8c3213588ede,qasper_question_f94d8773dad295c70a78,0
True,4,4,paper_e21a7c9f8c3213588ede,qasper_question_d9bb255e86aa64fba492,0
True,4,4,paper_e21a7c9f8c3213588ede,qasper_question_a8ea09aecdfd7a3c02c6,0
True,2,2,paper_8f9bddea460c143f66fd,qasper_question_5eefe56eef2cccc1a0ed,0
True,7,7,paper_8f9bddea460c143f66fd,qasper_question_26d0711842b2741e29c4,0
True,2,2,paper_2ad7008627702fe4142b,qasper_question_d5fc4be1dd49bd8871cf,0
True,2,2,paper_2ad7008627702fe4142b,qasper_question_87b33117f90cecee6ae4,0
False,7,12,paper_2ad7008627702fe4142b,qasper_question_4b2e8bba83d7786a36d4,5
True,2,2,paper_2ad7008627702fe4142b,qasper_question_a3d40afb50246dd5dfd2,0
True,2,2,paper_2ad7008627702fe4142b,qasper_question_33bd5dde921b54e8b151,0
True,2,2,paper_cece093c93016811cc5c,qasper_question_e8c29b177960ed2fe835,0
True,3,3,paper_cece093c93016811cc5c,qasper_question_974d002def7594774b98,0
True,2,2,paper_cece093c93016811cc5c,qasper_question_8127088d3c7e39ff1230,0
True,2,2,paper_5edb9bcb7754fe8981fc,qasper_question_612f0bf1ea691b6d2510,0
False,16,17,paper_5edb9bcb7754fe8981fc,qasper_question_2ced817a0a69fed9df1a,1
True,3,3,paper_5edb9bcb7754fe8981fc,qasper_question_634a91969441f25079f5,0
True,2,2,paper_5edb9bcb7754fe8981fc,qasper_question_964c85fc7b8cdda8b1e2,0
True,7,7,paper_3ffa28f00fba757c9204,qasper_question_56cd88710120bd7cbdce,0
True,3,3,paper_3ffa28f00fba757c9204,qasper_question_1940ce1612a38197037e,0
True,2,2,paper_3ffa28f00fba757c9204,qasper_question_bea0847144a566caeedf,0
True,2,2,paper_4a053ee5e828cd8c073d,qasper_question_c12c089fbeba943bb647,0
True,2,2,paper_4a053ee5e828cd8c073d,qasper_question_dbf39f59f5e76a8a0b58,0
True,4,4,paper_8a12de8f96b26fc08a32,qasper_question_169cb172f870f3f8c32c,0
True,10,10,paper_3b8033c85365c894285b,qasper_question_68c2754c787dcc0ba8f2,0
True,8,8,paper_3b8033c85365c894285b,qasper_question_6a5bb4fdb6ab5997e2b2,0
True,2,2,paper_3b8033c85365c894285b,qasper_question_d446b866222c2b9b9015,0
True,3,3,paper_d303aba839ab0a04c524,qasper_question_7a29cc66f1208ef97264,0
True,6,6,paper_d303aba839ab0a04c524,qasper_question_3599da4544ca2f4574d6,0
True,3,3,paper_edc2a905b41fabd51062,qasper_question_fd832bec64bf18464a9f,0
True,2,2,paper_edc2a905b41fabd51062,qasper_question_23c2e9c0169b4508e9fe,0
True,12,12,paper_edc2a905b41fabd51062,qasper_question_b269ab4928d920031640,0
True,14,14,paper_f53ea7157ddb32c9c4a5,qasper_question_b153d1ad81cae94f2d4f,0
True,3,3,paper_f53ea7157ddb32c9c4a5,qasper_question_f3d1716cb237fe861ad2,0
True,4,4,paper_f53ea7157ddb32c9c4a5,qasper_question_9de7a15f229272edb836,0
True,8,8,paper_d1962218778bc74448de,qasper_question_922509d2226c4dfb199e,0
True,11,11,paper_d1962218778bc74448de,qasper_question_ed3d584c508629c2dda6,0
True,3,3,paper_d1962218778bc74448de,qasper_question_048b4962ca763498263b,0
False,2,3,paper_b7b9c2f22e8436d15b48,qasper_question_bc52b8efd43c8e04df86,1
True,2,2,paper_b7b9c2f22e8436d15b48,qasper_question_b64f23295ebcdcbcff8a,0
True,2,2,paper_b7b9c2f22e8436d15b48,qasper_question_d40e617085bd3b11a86f,0
True,6,6,paper_b7b9c2f22e8436d15b48,qasper_question_6defa414c209c5bf5c83,0
True,3,3,paper_2305bc5607fefe1be79b,qasper_question_752261d9a1f3f9ebea0e,0
True,4,4,paper_94ba53c08e89af31f1a1,qasper_question_f240ef3737f917bba933,0
True,5,5,paper_94ba53c08e89af31f1a1,qasper_question_0585087467d95de9b5e0,0
True,4,4,paper_94ba53c08e89af31f1a1,qasper_question_43cae6e31033c08d233a,0
True,3,3,paper_94ba53c08e89af31f1a1,qasper_question_f6b64ead89a3d15817ee,0
True,2,2,paper_12e79269ccfb55529432,qasper_question_6bde7e253ae9ae2521d5,0
True,2,2,paper_12e79269ccfb55529432,qasper_question_ba1c8e1278fcf6ff4108,0
True,14,14,paper_a2258d0cdb6a9d35db54,qasper_question_dc55929323866bea1d94,0
True,5,5,paper_a2258d0cdb6a9d35db54,qasper_question_f000b3fee33e261693bf,0
False,8,11,paper_a2258d0cdb6a9d35db54,qasper_question_d0e4f84a27994d9a2266,3
True,2,2,paper_a2258d0cdb6a9d35db54,qasper_question_fd93333b4abeb6e4f4f6,0
True,5,5,paper_a2258d0cdb6a9d35db54,qasper_question_ce2368860bb5ce0730e7,0
False,3,5,paper_a2258d0cdb6a9d35db54,qasper_question_8cc6d829177f40f1cc99,2
True,3,3,paper_a2258d0cdb6a9d35db54,qasper_question_ffead907cd83d4b8c769,0
True,1,1,paper_a6d85b0f7d7e923eaa06,qasper_question_b290c8199cd679dcb645,0
True,4,4,paper_a6d85b0f7d7e923eaa06,qasper_question_9684e7db014ea6f57704,0
False,23,27,paper_6a8ecfb83c0c6827cdcb,qasper_question_feb803a40ead298f0832,4
False,7,8,paper_6a8ecfb83c0c6827cdcb,qasper_question_69ac9f75e5d75a5ad6d7,1
True,2,2,paper_5efac2578be81947296c,qasper_question_0c5ffde733c59d78f76c,0
True,2,2,paper_55d813c84b6997eeb7b2,qasper_question_0963bd70e4cbe34b493c,0
True,7,7,paper_55d813c84b6997eeb7b2,qasper_question_1e91e6faafa0e477df93,0
True,4,4,paper_55d813c84b6997eeb7b2,qasper_question_73d4d9f76b62e9346ee2,0
True,5,5,paper_55d813c84b6997eeb7b2,qasper_question_c2aa742b560d1b5a65f7,0
False,24,25,paper_55d813c84b6997eeb7b2,qasper_question_fd3c8966b2ffae15b458,1
True,12,12,paper_55d813c84b6997eeb7b2,qasper_question_49fced13cffc4f4b2419,0
True,3,3,paper_2f4571b97f3d839dedb1,qasper_question_900c5c8a1c9e78a17079,0
True,3,3,paper_2f4571b97f3d839dedb1,qasper_question_cce655002af85d626036,0
True,20,20,paper_2f4571b97f3d839dedb1,qasper_question_cec819810d51138533ad,0
False,3,4,paper_2f4571b97f3d839dedb1,qasper_question_9df42cf3959bc4bf577a,1
True,4,4,paper_ad72cf39e3c9fe8487f5,qasper_question_a16832f0c5da26d21b93,0
True,6,6,paper_ad72cf39e3c9fe8487f5,qasper_question_b749bb7694e8198c73da,0
False,14,22,paper_ad72cf39e3c9fe8487f5,qasper_question_2b357a0fa13a427c1dc0,8
True,2,2,paper_7cbd913444110e643a14,qasper_question_ef8c27099acb4af71ede,0
True,2,2,paper_7cbd913444110e643a14,qasper_question_8d5a3831471c8f192727,0
True,2,2,paper_7cbd913444110e643a14,qasper_question_305bc9c40244b36ac223,0
True,2,2,paper_7cbd913444110e643a14,qasper_question_4fbe7c26edd25ce7a427,0
True,5,5,paper_9d80132130f64141a346,qasper_question_ad2ab50d1b34405ea30f,0
True,2,2,paper_9d80132130f64141a346,qasper_question_794713cbfd99ba029837,0
True,4,4,paper_9d80132130f64141a346,qasper_question_5403e5885f44442133c3,0
True,6,6,paper_2b72892d3530d5496807,qasper_question_e4c35284f13d57f3dbf7,0
True,2,2,paper_2b72892d3530d5496807,qasper_question_724cf619ac68543c8561,0
True,2,2,paper_2b72892d3530d5496807,qasper_question_bed4572426ec837b02b0,0
True,3,3,paper_daa77c7006bab2cbd560,qasper_question_0fdff2d782692adfb1bf,0
True,6,6,paper_daa77c7006bab2cbd560,qasper_question_28b2ebc484ae2d4066f5,0
True,5,5,paper_daa77c7006bab2cbd560,qasper_question_f55301804e6ceb00299b,0
True,5,5,paper_3b2f3a433a987a98e28e,qasper_question_82eb0758f7fe3a2073a9,0
True,3,3,paper_3b2f3a433a987a98e28e,qasper_question_3a23a058f36070821cf2,0
True,9,9,paper_3b2f3a433a987a98e28e,qasper_question_68a7988fe5733e5f00cf,0
True,2,2,paper_3b2f3a433a987a98e28e,qasper_question_38d66a58b995ae76e581,0
True,10,10,paper_e962c804391f8cd78128,qasper_question_d0507b7c5dd70343a73a,0
True,3,3,paper_e962c804391f8cd78128,qasper_question_cbe75d8e120244990398,0
True,1,1,paper_e962c804391f8cd78128,qasper_question_7f6ef764edf1b7b4645e,0
True,3,3,paper_e962c804391f8cd78128,qasper_question_e4b405e5577b1af0220a,0
True,7,7,paper_8e56a9e3d691e2d09be7,qasper_question_c3401bdb51f69a11723d,0
False,9,10,paper_8e56a9e3d691e2d09be7,qasper_question_db4c527aaff0e02db5b8,1
True,10,10,paper_8e56a9e3d691e2d09be7,qasper_question_a500db5cc6b939960623,0
True,4,4,paper_e4781b2655bd574f540b,qasper_question_c6f8c7c16d97932a0a26,0
True,2,2,paper_e4781b2655bd574f540b,qasper_question_fc7c826ac4bbcc392cfa,0
True,2,2,paper_7dd493fc87f693122154,qasper_question_d4477e160e842b216e2a,0
True,2,2,paper_7dd493fc87f693122154,qasper_question_ad07e2ad4e3719d19893,0
True,3,3,paper_7dd493fc87f693122154,qasper_question_382384e850abb1674cd4,0
True,2,2,paper_7dd493fc87f693122154,qasper_question_498eb0ed566ff22ba1e3,0
True,4,4,paper_7dd493fc87f693122154,qasper_question_cc4477f6fc0053b2e306,0
True,18,18,paper_078593b9dbd9f1108121,qasper_question_3fae60a299ed591d6a28,0
True,6,6,paper_078593b9dbd9f1108121,qasper_question_dd765cd5e2d634682cca,0
False,9,10,paper_078593b9dbd9f1108121,qasper_question_5c23329fb4177f308a43,1
True,6,6,paper_078593b9dbd9f1108121,qasper_question_f540059209616fba8fc6,0
True,3,3,paper_078593b9dbd9f1108121,qasper_question_30a9a2d5704b7a4b030a,0
True,2,2,paper_a444ab2ddfdd9d3b30df,qasper_question_374daac6434199d178da,0
True,5,5,paper_a444ab2ddfdd9d3b30df,qasper_question_d6e1d404138c8bbe29e1,0
True,2,2,paper_704364db36770885efe9,qasper_question_c33516c0c55dd5496477,0
True,2,2,paper_704364db36770885efe9,qasper_question_c102d238641053dac139,0
True,2,2,paper_704364db36770885efe9,qasper_question_32a4e283aa1c9431d46d,0
True,4,4,paper_704364db36770885efe9,qasper_question_b2aefb22ae70acec8d73,0
True,27,27,paper_ca54b1860aca388203ab,qasper_question_cc956c40614a20ed9790,0
True,2,2,paper_ca54b1860aca388203ab,qasper_question_12f65764504ed1281898,0
True,2,2,paper_ca54b1860aca388203ab,qasper_question_73b0252ecaaa346f612f,0
True,3,3,paper_fbdb27b6237d0a8368de,qasper_question_e3f2912c3c56ade275c3,0
True,4,4,paper_fbdb27b6237d0a8368de,qasper_question_2e5349fc51db26479c04,0
True,3,3,paper_fbdb27b6237d0a8368de,qasper_question_afb82cb7e353c3d35616,0
True,4,4,paper_1aebdc2005a4fa138da4,qasper_question_4db3e750542d25f920bd,0
True,6,6,paper_1aebdc2005a4fa138da4,qasper_question_6bc20a2e83b283e97360,0
True,3,3,paper_1aebdc2005a4fa138da4,qasper_question_78038b5820e2dc7b57bc,0
False,12,14,paper_1aebdc2005a4fa138da4,qasper_question_f5fad67c396457db9115,2
True,4,4,paper_1aebdc2005a4fa138da4,qasper_question_0e9c081aa52f9030f859,0
True,3,3,paper_bbd2e6c2159ab3904a2e,qasper_question_de6a4e7eef2b0cc7d973,0
False,7,13,paper_bbd2e6c2159ab3904a2e,qasper_question_4e50476b82b0c4e59f10,6
True,1,1,paper_bbd2e6c2159ab3904a2e,qasper_question_a911b5f0cacf02942752,0
True,3,3,paper_bbd2e6c2159ab3904a2e,qasper_question_a17206cbcef5614f8485,0
True,2,2,paper_569a939c50a33f9f7429,qasper_question_0e133320af6b7a2cbed6,0
True,2,2,paper_569a939c50a33f9f7429,qasper_question_8a94923755343acc08d4,0
True,2,2,paper_569a939c50a33f9f7429,qasper_question_86473eee6efd586950a7,0
True,3,3,paper_569a939c50a33f9f7429,qasper_question_6eb4069a51f9c66db2fc,0
True,26,26,paper_8025a83932056efcebc3,qasper_question_eef0208f3d06ac8d43b0,0
True,13,13,paper_8025a83932056efcebc3,qasper_question_57f77ac3e50647ed8eeb,0
True,3,3,paper_5df9e51b99cb087bc551,qasper_question_c8b3f4711a6cb9e787cd,0
True,4,4,paper_5df9e51b99cb087bc551,qasper_question_e5ef47a090e4a8512fce,0
True,1,1,paper_5df9e51b99cb087bc551,qasper_question_9515b604aee7924d3bf0,0
True,4,4,paper_5df9e51b99cb087bc551,qasper_question_d204d5f6e1f0660cc409,0
False,5,7,paper_6b51e2874f56aeefdc01,qasper_question_b3ab70308dc6736d67bc,2
True,5,5,paper_6b51e2874f56aeefdc01,qasper_question_6e88e5bc9906f33bde7e,0
True,2,2,paper_4221bebb25dcd4241e41,qasper_question_84aec3da98a39fd2faef,0
True,4,4,paper_4221bebb25dcd4241e41,qasper_question_c48864f73165248391c4,0
True,3,3,paper_4221bebb25dcd4241e41,qasper_question_76fdde454cf8de216727,0
True,2,2,paper_c0356cee385a720d57b1,qasper_question_e3a3bacafc051bdd03d2,0
True,2,2,paper_c0356cee385a720d57b1,qasper_question_41a95f9f452fc1454e5f,0
True,1,1,paper_c0356cee385a720d57b1,qasper_question_82be9663614699b56617,0
True,2,2,paper_428005639d8767779cc1,qasper_question_853d865e72974769c095,0
True,4,4,paper_428005639d8767779cc1,qasper_question_b57afc71d09c3ac47f2f,0
True,2,2,paper_428005639d8767779cc1,qasper_question_07b22f6c4d1d185c2df7,0
True,4,4,paper_07794d205e49127d6100,qasper_question_c664d88a21b1fc54e991,0
True,1,1,paper_07794d205e49127d6100,qasper_question_031ac530af632fb2aa5c,0
True,3,3,paper_07794d205e49127d6100,qasper_question_5a22914587e51d87c8ad,0
True,5,5,paper_f8f3b7e4363e99686a0f,qasper_question_169ea85427e4482df9ab,0
True,4,4,paper_f8f3b7e4363e99686a0f,qasper_question_4842349f6d324fb8be10,0
True,3,3,paper_f8f3b7e4363e99686a0f,qasper_question_92dab1eedd64606f2a7e,0
True,3,3,paper_f8f3b7e4363e99686a0f,qasper_question_641c70b1d787c010afb1,0
True,7,7,paper_389d75e5d7c06daeec6a,qasper_question_17c58e99f79a3d82fea5,0
True,8,8,paper_389d75e5d7c06daeec6a,qasper_question_25a32336b1886308d3c0,0
True,4,4,paper_389d75e5d7c06daeec6a,qasper_question_85932392f72138a4bb5e,0
True,2,2,paper_389d75e5d7c06daeec6a,qasper_question_25edda8da6fe826df264,0
True,4,4,paper_389d75e5d7c06daeec6a,qasper_question_6372497e4fefcd41883a,0
True,3,3,paper_5fda3c07e14332e239a6,qasper_question_f7820a6022cbeccac185,0
True,3,3,paper_5fda3c07e14332e239a6,qasper_question_1df019b9b6829bf13b8a,0
True,3,3,paper_5fda3c07e14332e239a6,qasper_question_b11d71a6a78b46155ce6,0
True,3,3,paper_5fda3c07e14332e239a6,qasper_question_6e3a1c205f3d44b0634f,0
False,3,5,paper_df3c767f9d5a06066c61,qasper_question_1e3052fa57667dcc7076,2
True,3,3,paper_df3c767f9d5a06066c61,qasper_question_cfc2e604498f690bbf9c,0
True,2,2,paper_df3c767f9d5a06066c61,qasper_question_c9c8d2e9dccd85deda37,0
True,3,3,paper_df3c767f9d5a06066c61,qasper_question_79640751bf6c30d1161d,0
True,3,3,paper_b3df71f605948aa5b94a,qasper_question_8b75082065c15ea3a898,0
True,3,3,paper_b3df71f605948aa5b94a,qasper_question_3b9d9c8a811c197812cb,0
True,5,5,paper_f7d4ba8a1cf3be4ab5e7,qasper_question_7431c1c30f8916dc8c2b,0
True,2,2,paper_f7d4ba8a1cf3be4ab5e7,qasper_question_360da07f79f22ac87b64,0
True,1,1,paper_f7d4ba8a1cf3be4ab5e7,qasper_question_11633599d2bea3c82d82,0
True,5,5,paper_663e800969417e6bea7b,qasper_question_c29d40baf4cb5988a095,0
False,4,7,paper_663e800969417e6bea7b,qasper_question_1b4f0a334e48ef3eddf7,3
True,3,3,paper_663e800969417e6bea7b,qasper_question_c6708322036ddee2b941,0
True,3,3,paper_663e800969417e6bea7b,qasper_question_4292812aee56c6b7f800,0
True,5,5,paper_663e800969417e6bea7b,qasper_question_aacf108be3563bbd452d,0
True,3,3,paper_663e800969417e6bea7b,qasper_question_3fbbdead2f9698503496,0
False,9,10,paper_663e800969417e6bea7b,qasper_question_9de75c002288309215c7,1
True,2,2,paper_663e800969417e6bea7b,qasper_question_ab0c11c09e47fc65bd8e,0
True,3,3,paper_e67f553ef05f03da7418,qasper_question_1556457fe194fe57d625,0
True,5,5,paper_de6fcb087ab176e3c8de,qasper_question_40c58c5949a65b6255cc,0
True,6,6,paper_de6fcb087ab176e3c8de,qasper_question_fa191aa47f83c200807d,0
True,3,3,paper_37a2ae4805708d3f8f45,qasper_question_d4e6d3d0f311859f5062,0
True,1,1,paper_78b68945a34a38d5fdc3,qasper_question_f8eaf55256bb61af27f2,0
True,5,5,paper_78b68945a34a38d5fdc3,qasper_question_1440b2874cff757d0d03,0
True,2,2,paper_78b68945a34a38d5fdc3,qasper_question_1d1247e3b215cfef5457,0
True,6,6,paper_78b68945a34a38d5fdc3,qasper_question_a1d4979ed441be984c05,0
True,4,4,paper_a0d69ccba2145523842f,qasper_question_0fd36637a6631b628835,0
True,2,2,paper_a0d69ccba2145523842f,qasper_question_e7f8288201b4db89b5dc,0
True,2,2,paper_c441823fc3c54b22cd69,qasper_question_616f638d6c9998426e6f,0
True,3,3,paper_c441823fc3c54b22cd69,qasper_question_a87d719fe5a678ab2cb4,0
True,4,4,paper_bd4a5b878133f165879e,qasper_question_d825b9682ff3ea1d9b0a,0
True,3,3,paper_bd4a5b878133f165879e,qasper_question_840beb6c6850b6516321,0
True,2,2,paper_03f412dab12e9e58fbe4,qasper_question_35c1dedb771e38bccc59,0
True,2,2,paper_03f412dab12e9e58fbe4,qasper_question_cfaf75786f14fd99e68f,0
True,1,1,paper_03f412dab12e9e58fbe4,qasper_question_aad6d0ab1fed56f223ee,0
True,2,2,paper_03f412dab12e9e58fbe4,qasper_question_f5986e76669341b5ffd2,0
True,3,3,paper_03f412dab12e9e58fbe4,qasper_question_e9b9beed4736ab71340e,0
True,10,10,paper_0632be4ec30402cf077e,qasper_question_c8ac6e54b0026b9e95dd,0
True,2,2,paper_0632be4ec30402cf077e,qasper_question_ae600fb365c3a9e1f376,0
True,2,2,paper_179d33c25be2f56b3c12,qasper_question_c83118d29bb689e425c1,0
True,2,2,paper_97e1bd0979000643b2f5,qasper_question_539ce470f08359e4ba0b,0
True,1,1,paper_97e1bd0979000643b2f5,qasper_question_7cdbcb8657d546ff6bfb,0
True,2,2,paper_97e1bd0979000643b2f5,qasper_question_7faaacc431a6057ea184,0
False,29,30,paper_c2942af8ccdd8cf7d22c,qasper_question_7121603a212ddd473f3c,1
True,12,12,paper_c2942af8ccdd8cf7d22c,qasper_question_69feee323425b60b07fc,0
False,13,17,paper_c2942af8ccdd8cf7d22c,qasper_question_b98b00f928718f4ffd0b,4
True,3,3,paper_b0f71f61aa7d01b00065,qasper_question_abfb5df59746208d8ccd,0
True,4,4,paper_b0f71f61aa7d01b00065,qasper_question_ff25ffee950c58c44a06,0
True,3,3,paper_b0f71f61aa7d01b00065,qasper_question_7dd36abb65b2973e7a6d,0
True,2,2,paper_6625c0d536057ecea95d,qasper_question_c54ef492d2366f072b89,0
True,3,3,paper_6625c0d536057ecea95d,qasper_question_b11d2a16ce49aec2f5f9,0
True,1,1,paper_6625c0d536057ecea95d,qasper_question_c553e1fc18f62b7dd870,0
True,3,3,paper_6625c0d536057ecea95d,qasper_question_9d386922537204896a55,0
True,2,2,paper_6625c0d536057ecea95d,qasper_question_bdf2abd85bbaeedaab6c,0
True,3,3,paper_0de4358062888467d4cb,qasper_question_76e15eb7cdd269390c11,0
True,2,2,paper_0de4358062888467d4cb,qasper_question_5a9a06cf6454d7499d12,0
True,1,1,paper_0de4358062888467d4cb,qasper_question_5844ec9360740bf011a5,0
True,11,11,paper_0de4358062888467d4cb,qasper_question_bccc5cfc18e60ded4766,0
True,2,2,paper_5847d6c36e73540ed3bc,qasper_question_9f07bec089a71be427f9,0
True,5,5,paper_5847d6c36e73540ed3bc,qasper_question_681104d14de34866640a,0
True,3,3,paper_5847d6c36e73540ed3bc,qasper_question_c5fe945546fa3d657094,0
True,2,2,paper_cc2f42278910398e947f,qasper_question_6e43a581f040a6bd8fa2,0
True,3,3,paper_cc2f42278910398e947f,qasper_question_08fde9b331a92c69702e,0
True,3,3,paper_cc2f42278910398e947f,qasper_question_b69fe0b122ec30847618,0
True,3,3,paper_cc2f42278910398e947f,qasper_question_f0abd474d4f7e675b59d,0
True,2,2,paper_1ee8b3c88cbec2913282,qasper_question_3c3e344cc4e17f5e13a3,0
True,2,2,paper_1ee8b3c88cbec2913282,qasper_question_536beffee0daa9364cf6,0
True,7,7,paper_b8e39173f7800776eaf5,qasper_question_06bef293db30225fc55c,0
True,2,2,paper_b8e39173f7800776eaf5,qasper_question_cf502c25b5a11aabbda0,0
True,5,5,paper_b8e39173f7800776eaf5,qasper_question_cef6383ba705c9299b5b,0
True,3,3,paper_b8e39173f7800776eaf5,qasper_question_c7f8c2ccbdd209296c79,0
True,9,9,paper_b8e39173f7800776eaf5,qasper_question_9582f3c75f45985732eb,0
True,3,3,paper_1eeadff6e41a22b437c4,qasper_question_f106cce71759566e5649,0
True,4,4,paper_1eeadff6e41a22b437c4,qasper_question_a7d7c89214668863c4c2,0
True,3,3,paper_1eeadff6e41a22b437c4,qasper_question_329239745112b38f727b,0
False,2,3,paper_2649e774bbfbeda9d2be,qasper_question_840d218a6b62617f0a14,1
True,1,1,paper_2649e774bbfbeda9d2be,qasper_question_ecfa28ad783b4e64d56e,0
True,2,2,paper_2649e774bbfbeda9d2be,qasper_question_ba14e3360a3149dc7335,0
True,2,2,paper_2649e774bbfbeda9d2be,qasper_question_2dd64ea6f4fe3174d3bd,0
True,2,2,paper_0b6f212a8398a133cfec,qasper_question_ed8de4eb0ea78aed5f29,0
True,2,2,paper_0b6f212a8398a133cfec,qasper_question_18ae1f14e21576eb391a,0
True,2,2,paper_0b6f212a8398a133cfec,qasper_question_89a5130c7c4467333695,0
True,2,2,paper_0b6f212a8398a133cfec,qasper_question_61c5e0ac58417bb9c16e,0
True,1,1,paper_0b6f212a8398a133cfec,qasper_question_37b1bdbfc9bb3efe8453,0
True,6,6,paper_915295ffd54092f2b38f,qasper_question_f003f3f293ed30fd8532,0
False,40,44,paper_915295ffd54092f2b38f,qasper_question_bf60f949929fbf93fedc,4
False,13,14,paper_915295ffd54092f2b38f,qasper_question_fa1e7146640b87878581,1
True,18,18,paper_915295ffd54092f2b38f,qasper_question_4bd63a5c827b14deaa56,0
True,2,2,paper_7cb7fc4890e07303e2fc,qasper_question_f66918fce2e3050bb597,0
True,2,2,paper_7cb7fc4890e07303e2fc,qasper_question_6db2ca195564aad41453,0
True,2,2,paper_7cb7fc4890e07303e2fc,qasper_question_003b4c8cd35fb677a9c7,0
True,2,2,paper_7cb7fc4890e07303e2fc,qasper_question_9c8f754b4cf9ccc159bb,0
True,2,2,paper_7cb7fc4890e07303e2fc,qasper_question_4a245f1158e4c8575dfb,0
True,3,3,paper_cf0405bd74a03eb3a0b7,qasper_question_56f53c5e415a8bb11455,0
True,6,6,paper_5f8fcb286c46930139c1,qasper_question_215e5a1e61d31de00706,0
True,5,5,paper_5f8fcb286c46930139c1,qasper_question_1db44b9f9e42ad73eba0,0
True,1,1,paper_5f8fcb286c46930139c1,qasper_question_2ee02eba82ffed49eda4,0
True,1,1,paper_3aa6af1b3c418eed9655,qasper_question_2b6895b742316bbc4913,0
True,3,3,paper_3aa6af1b3c418eed9655,qasper_question_0de56a745532ffcf3a33,0
True,3,3,paper_3aa6af1b3c418eed9655,qasper_question_4d585f50206e1f0b7b08,0
True,17,17,paper_3aa6af1b3c418eed9655,qasper_question_dcd0f0aa811f7caa509a,0
True,2,2,paper_3aa6af1b3c418eed9655,qasper_question_97807b68948add1ca09b,0
False,6,8,paper_679decbe75369f310cbc,qasper_question_9dd6302772102c210e5f,2
True,4,4,paper_679decbe75369f310cbc,qasper_question_498223e942236a67cecd,0
True,5,5,paper_679decbe75369f310cbc,qasper_question_ed0e0356390e90f6201d,0
True,7,7,paper_679decbe75369f310cbc,qasper_question_122ce8bf055c064fa4c1,0
True,5,5,paper_679decbe75369f310cbc,qasper_question_d13d0f30a5af30d20957,0
True,2,2,paper_af51423ed82e92c757d5,qasper_question_db0b7e5ae01add08a9d5,0
True,2,2,paper_af51423ed82e92c757d5,qasper_question_500e7bbb4eca8b247b1d,0
True,4,4,paper_af51423ed82e92c757d5,qasper_question_51d0a6cb8380ad76defe,0
True,4,4,paper_af51423ed82e92c757d5,qasper_question_79715f00037056101799,0
True,12,12,paper_fd50ac24f2e4a0fdadbd,qasper_question_caae848b07c969e0b728,0
True,4,4,paper_595f35567b1fa8e8d0b7,qasper_question_4ff730375449a22d3e76,0
True,9,9,paper_595f35567b1fa8e8d0b7,qasper_question_8de9d672e55293e488f3,0
True,12,12,paper_595f35567b1fa8e8d0b7,qasper_question_a3ff8ca94fd0cd2fb9a5,0
True,3,3,paper_595f35567b1fa8e8d0b7,qasper_question_2144a9bafd6d1e5b70aa,0
True,5,5,paper_595f35567b1fa8e8d0b7,qasper_question_b9d386967c39feece2a6,0
True,3,3,paper_595f35567b1fa8e8d0b7,qasper_question_a0ea732152c8691c49a3,0
True,3,3,paper_d8c0c3864ee444822a70,qasper_question_baade2775d0592c8732c,0
True,3,3,paper_d8c0c3864ee444822a70,qasper_question_8cd8fb566d52cfb32ea5,0
True,2,2,paper_d8c0c3864ee444822a70,qasper_question_89d69519913bcd92533b,0
True,2,2,paper_87c2c1d2c8089a59f891,qasper_question_a48bcabb83261adbd969,0
True,1,1,paper_87c2c1d2c8089a59f891,qasper_question_ff1f3ac6a2d11f562a6a,0
True,4,4,paper_87c2c1d2c8089a59f891,qasper_question_0cb577527023f722cc65,0
True,9,9,paper_6d726a66f6303d72f589,qasper_question_740c5d258a85af43a8f4,0
False,7,8,paper_6d726a66f6303d72f589,qasper_question_aef93c5bc4c8d6b4643b,1
True,3,3,paper_6d726a66f6303d72f589,qasper_question_c6739175ddc8f15c078a,0
True,2,2,paper_6d726a66f6303d72f589,qasper_question_2aa3c8ec3ab0fb11e00b,0
True,3,3,paper_6d726a66f6303d72f589,qasper_question_9b857ae8d43eca4a30f1,0
True,1,1,paper_1fb07d7990a52db6601f,qasper_question_ab86b0a980bf26a6a561,0
True,3,3,paper_1fb07d7990a52db6601f,qasper_question_260956ac427028ef95e5,0
True,2,2,paper_393815184850efca8d15,qasper_question_0c50903e32c7a4ef8db9,0
False,17,18,paper_393815184850efca8d15,qasper_question_1abc92846d6294b95b3b,1
True,2,2,paper_8fda0143ee6c9158b68d,qasper_question_89bcbe17b4ae54e59a63,0
True,2,2,paper_8fda0143ee6c9158b68d,qasper_question_05c32420b0deb8b3007a,0
True,6,6,paper_fa7e0854db474c2d81db,qasper_question_ddf3490d8287d26f94f3,0
True,3,3,paper_fa7e0854db474c2d81db,qasper_question_57e426cf5dda13075f61,0
True,5,5,paper_cac94f6bcd78a3ea94db,qasper_question_db74adc66f758fafca73,0
True,7,7,paper_cac94f6bcd78a3ea94db,qasper_question_d0fe64f6afc119a3eb06,0
True,4,4,paper_cac94f6bcd78a3ea94db,qasper_question_cdcdb948c9714d0c92a1,0
True,2,2,paper_d9f8e629ee856068f148,qasper_question_fb4a1ec3b4b18a5102fd,0
True,2,2,paper_d9f8e629ee856068f148,qasper_question_6897aa0585cfbfc52a2b,0
True,1,1,paper_d9f8e629ee856068f148,qasper_question_f7a6e2fbbec3f3c338be,0
True,6,6,paper_412a3557e43261fcd116,qasper_question_d6d7f68941e76b5eee49,0
True,2,2,paper_412a3557e43261fcd116,qasper_question_06e61c28d2b18843d160,0
True,3,3,paper_412a3557e43261fcd116,qasper_question_7740f1cebc935a9ba9e9,0
True,3,3,paper_412a3557e43261fcd116,qasper_question_ccc532208011a751e118,0
True,2,2,paper_412a3557e43261fcd116,qasper_question_e088c7d8bd3b4f8102de,0
True,8,8,paper_754fd9a87a1a201490e6,qasper_question_8495e09b817ec1273440,0
True,7,7,paper_754fd9a87a1a201490e6,qasper_question_67af95b465c4b6ce77d6,0
True,5,5,paper_754fd9a87a1a201490e6,qasper_question_2e317ee28adffb78581d,0
True,4,4,paper_754fd9a87a1a201490e6,qasper_question_121a8d978cfabce201f6,0
True,3,3,paper_774c0de2f8b62ebedf01,qasper_question_91d800d8d1e4950e98ed,0
True,4,4,paper_774c0de2f8b62ebedf01,qasper_question_fbe9707a178411c054d5,0
True,3,3,paper_1bbd19638fae277c90d8,qasper_question_34b279f33df980d4f34f,0
True,6,6,paper_1bbd19638fae277c90d8,qasper_question_df2753c1c006e06a3bca,0
True,6,6,paper_84cf987ea44f7fcb7753,qasper_question_f47f433ccb07f2f81f3a,0
True,4,4,paper_84cf987ea44f7fcb7753,qasper_question_2215da2cfc5ca780195a,0
True,4,4,paper_84cf987ea44f7fcb7753,qasper_question_355315f1cbb1bb8d0748,0
True,2,2,paper_fa3a5b07e07eb1eef8c0,qasper_question_e99190b5cefb8db41631,0
True,3,3,paper_fa3a5b07e07eb1eef8c0,qasper_question_ac9b4fc4b54638f56383,0
True,1,1,paper_fa3a5b07e07eb1eef8c0,qasper_question_9a8e9f145195475a124d,0
True,4,4,paper_906d3e3378a32fa3d371,qasper_question_99cf836cdbdbd922b2b7,0
True,7,7,paper_906d3e3378a32fa3d371,qasper_question_68b83f823aea9d52da70,0
True,6,6,paper_c9a77d45a7ce1cb474ae,qasper_question_c0c55917a4e8f3bdcee0,0
True,2,2,paper_c9a77d45a7ce1cb474ae,qasper_question_4ef41bb3985d6c69b367,0
True,3,3,paper_c9a77d45a7ce1cb474ae,qasper_question_565a811a701ad737871f,0
True,1,1,paper_c9a77d45a7ce1cb474ae,qasper_question_320f16410a86ed756052,0
True,2,2,paper_35ff5746f48e601f60a2,qasper_question_250862e26809d2b185ec,0
True,3,3,paper_35ff5746f48e601f60a2,qasper_question_6c712de338d9d0f43900,0
True,2,2,paper_35ff5746f48e601f60a2,qasper_question_cd74fcf7dcc7028c5f99,0
True,3,3,paper_35ff5746f48e601f60a2,qasper_question_29b2864905f96688411a,0
True,4,4,paper_35ff5746f48e601f60a2,qasper_question_010da60f3c94080775cd,0
True,3,3,paper_35ff5746f48e601f60a2,qasper_question_f19859b9e6063e259d9d,0
True,2,2,paper_35ff5746f48e601f60a2,qasper_question_0224919456c3c4e6b1d3,0
True,4,4,paper_bb464d095b5755ea600c,qasper_question_285de1764c107298375f,0
True,2,2,paper_bb464d095b5755ea600c,qasper_question_84aaf6d0e5324bd61616,0
True,7,7,paper_bb464d095b5755ea600c,qasper_question_9ed6634a5cf7068930a5,0
False,4,7,paper_bb464d095b5755ea600c,qasper_question_3a166cc9571ed66498a4,3
True,2,2,paper_695221f40a6710486a0b,qasper_question_2d1d7fc1cce72055ec6a,0
True,2,2,paper_695221f40a6710486a0b,qasper_question_2a6dc1f35061eaee2cb0,0
True,3,3,paper_b5844c5421321ea6034d,qasper_question_0b946bd2cb93997033ad,0
True,6,6,paper_b5844c5421321ea6034d,qasper_question_ed679b0597a372a83be6,0
False,5,7,paper_9b62f9b4b6fe53feba96,qasper_question_fe95b5abec6ccb5cf49a,2
True,2,2,paper_9b62f9b4b6fe53feba96,qasper_question_6848a0dce8399da6bc91,0
True,3,3,paper_94f9c472541642c1560b,qasper_question_905a325f6dd0416091b9,0
True,2,2,paper_94f9c472541642c1560b,qasper_question_61daeb96c78c5f9f0048,0
True,2,2,paper_94f9c472541642c1560b,qasper_question_3e80a531a4375b9189dd,0
True,2,2,paper_94f9c472541642c1560b,qasper_question_2f48c3644f6790319d68,0
True,2,2,paper_8fc7bfc568dad394e687,qasper_question_a8e3620edf10db006d90,0
True,2,2,paper_8fc7bfc568dad394e687,qasper_question_ffaa27033ec2622cb750,0
True,1,1,paper_8fc7bfc568dad394e687,qasper_question_d08712cfff82fe4cd748,0
True,2,2,paper_8fc7bfc568dad394e687,qasper_question_b4d79b9c7c4e110dc624,0
True,6,6,paper_9ae7d9a86aba403b8334,qasper_question_7fe84a910bcfc6a7c953,0
True,1,1,paper_9ae7d9a86aba403b8334,qasper_question_1446bcf247cd583b342f,0
True,3,3,paper_9ae7d9a86aba403b8334,qasper_question_3de392ecbda2819f6b45,0
True,2,2,paper_dc4d102e5e3e33cb7929,qasper_question_3d8ba86d125bfe0a1f05,0
True,4,4,paper_dc4d102e5e3e33cb7929,qasper_question_15a9160cb869134102ef,0
True,2,2,paper_dc4d102e5e3e33cb7929,qasper_question_efc1fcd188b96e303d1a,0
True,2,2,paper_dc4d102e5e3e33cb7929,qasper_question_0e83e791b4c272c92959,0
True,3,3,paper_41fae8f751fba0093e5b,qasper_question_5f8f6b5b6023f7060b0a,0
True,2,2,paper_41fae8f751fba0093e5b,qasper_question_9ef93e0d137998da5d64,0
True,2,2,paper_41fae8f751fba0093e5b,qasper_question_64514f8e3c42f2d1c926,0
True,2,2,paper_41fae8f751fba0093e5b,qasper_question_0a98ac559a895fdf8562,0
True,18,18,paper_c8f23ebd34b7e80c3042,qasper_question_ea4f9cbf1cc70b92adac,0
True,5,5,paper_c8f23ebd34b7e80c3042,qasper_question_7a08d68fe1b1bb729522,0
True,6,6,paper_c8f23ebd34b7e80c3042,qasper_question_c23c5061becfcb2a1de8,0
True,2,2,paper_c8f23ebd34b7e80c3042,qasper_question_2a33fc324f22144467b5,0
True,2,2,paper_74f837ff28fa14123404,qasper_question_d1885c87119fda97281d,0
True,7,7,paper_1b8bafa77f36ab8d62ea,qasper_question_e993d66e6a79210edc09,0
True,4,4,paper_1b8bafa77f36ab8d62ea,qasper_question_f3549323575c3ed87c09,0
True,7,7,paper_1b8bafa77f36ab8d62ea,qasper_question_99a710b655821568a772,0
True,1,1,paper_1b8bafa77f36ab8d62ea,qasper_question_3d00f5029f83588f08ab,0
True,15,15,paper_7cf0c1488b23043364b9,qasper_question_f4daefb0d372c4b01b89,0
True,5,5,paper_7cf0c1488b23043364b9,qasper_question_2d3f8217704df8706c1b,0
True,3,3,paper_4a0cca17f50d66bbe9b8,qasper_question_cf6d8f0071411fe12942,0
True,4,4,paper_4a0cca17f50d66bbe9b8,qasper_question_711e573b47dd370a59ea,0
True,3,3,paper_4a0cca17f50d66bbe9b8,qasper_question_89794f1540048b018a55,0
False,19,24,paper_6d146b29e764318b278d,qasper_question_dc0c6802d856219085bf,5
True,4,4,paper_4d2586c0e633f971e471,qasper_question_100cf3bea1f61413df76,0
True,6,6,paper_4d2586c0e633f971e471,qasper_question_9d6367443575ea1e0736,0
True,3,3,paper_4d2586c0e633f971e471,qasper_question_b6da82724753a914bd72,0
True,4,4,paper_4d2586c0e633f971e471,qasper_question_e1bb01d86aae3ca97930,0
True,3,3,paper_4d2586c0e633f971e471,qasper_question_6c0fba2a2dc0e56da971,0
True,6,6,paper_4d2586c0e633f971e471,qasper_question_2377628efe27473ebf61,0
True,3,3,paper_4d2586c0e633f971e471,qasper_question_e755d46ea1bc54686b61,0
False,8,11,paper_52eccc8c3e212ad876d5,qasper_question_b7dc7e476e3237697751,3
True,5,5,paper_52eccc8c3e212ad876d5,qasper_question_b2f3bae2d4bed450157d,0
True,3,3,paper_52eccc8c3e212ad876d5,qasper_question_3651b8099bd3d3b07c5e,0
False,6,10,paper_52eccc8c3e212ad876d5,qasper_question_5b9c1bbc16d62817ffd2,4
True,3,3,paper_5d8ea56c155b6fb36a14,qasper_question_ad457210f5b51f3c924c,0
True,5,5,paper_5d8ea56c155b6fb36a14,qasper_question_058c7e4ec716b8d40fed,0
False,6,10,paper_5d8ea56c155b6fb36a14,qasper_question_864d51141bcff4feaaec,4
True,4,4,paper_af1f3553b96c8aaf5111,qasper_question_b4598993677ab6f7c102,0
False,10,11,paper_af1f3553b96c8aaf5111,qasper_question_57b74ca3e0fb6615e270,1
True,5,5,paper_5884f8c78989421740c5,qasper_question_2355c4ad78f30042528e,0
True,7,7,paper_5884f8c78989421740c5,qasper_question_e34073176b651f402e9f,0
True,3,3,paper_5884f8c78989421740c5,qasper_question_49cd417691a8d740ba01,0
True,3,3,paper_5884f8c78989421740c5,qasper_question_385873049e1919f83982,0
True,11,11,paper_5884f8c78989421740c5,qasper_question_79374f0aa7c3de88c057,0
True,5,5,paper_b4d85572ce2636b289fa,qasper_question_8f3957b25176f2b906d9,0
True,6,6,paper_b4d85572ce2636b289fa,qasper_question_432e17e8b9af7817ec9b,0
True,2,2,paper_fb4331444176010b7e6c,qasper_question_8b87ddbaf64ba15a90a7,0
True,3,3,paper_b4d3c6e85cba87c94a98,qasper_question_de4c957a81dcd91e28e2,0
True,3,3,paper_b4d3c6e85cba87c94a98,qasper_question_0cbcaf61044749ac3cc0,0
True,3,3,paper_b4d3c6e85cba87c94a98,qasper_question_5683a14b2b373cf932eb,0
True,3,3,paper_b4d3c6e85cba87c94a98,qasper_question_3de4b76bd46dc819d25e,0
True,3,3,paper_b4d3c6e85cba87c94a98,qasper_question_a8ac8622be1ad1281413,0
True,2,2,paper_b4d3c6e85cba87c94a98,qasper_question_72d54f92b57bb8b5e4d1,0
True,3,3,paper_9b29ec8b17ff257718f7,qasper_question_295c54a8cb69e35bfc55,0
True,3,3,paper_9b29ec8b17ff257718f7,qasper_question_3e0d4f34b898d004d237,0
True,2,2,paper_01f29310b88dacc30bf3,qasper_question_d1115b096e5239b40a21,0
True,1,1,paper_01f29310b88dacc30bf3,qasper_question_04144c0b45b992f11af9,0
True,1,1,paper_01f29310b88dacc30bf3,qasper_question_e107db3d0495b3d970d1,0
True,4,4,paper_c04f8fc9cb17793e1f72,qasper_question_22f89b062afed6772662,0
True,2,2,paper_c04f8fc9cb17793e1f72,qasper_question_17864900b0c522ecd2da,0
True,2,2,paper_c04f8fc9cb17793e1f72,qasper_question_38c3bf98992fb86f8870,0
True,2,2,paper_c04f8fc9cb17793e1f72,qasper_question_83eab71ff668cedc05bd,0
True,2,2,paper_c04f8fc9cb17793e1f72,qasper_question_8f883e4e09758507606d,0
True,8,8,paper_5fe75101b0f7eba8ccff,qasper_question_596819e9cf3d78f5d933,0
True,4,4,paper_b11edde0ecb31b6fe6ef,qasper_question_2b3986b968c8759f2b7d,0
True,4,4,paper_b11edde0ecb31b6fe6ef,qasper_question_0e14190382688c746c45,0
True,2,2,paper_b11edde0ecb31b6fe6ef,qasper_question_8a090c2799d22fb2e1cd,0
True,4,4,paper_b11edde0ecb31b6fe6ef,qasper_question_5a6058f2105aabf9b01b,0
True,3,3,paper_50cd19a1cb18af936fb9,qasper_question_078dbfaed7b9de86bfce,0
True,3,3,paper_50cd19a1cb18af936fb9,qasper_question_95b3641769df050d4dc5,0
True,3,3,paper_50cd19a1cb18af936fb9,qasper_question_fc5b94f33ad2e5cbb3b3,0
True,19,19,paper_e281c5ca303e286c6893,qasper_question_b84af9ae502a6d4d8d70,0
True,3,3,paper_e281c5ca303e286c6893,qasper_question_7259021ec5aeaccca23f,0
False,7,11,paper_e281c5ca303e286c6893,qasper_question_45dc570f2283e6fd4133,4
True,3,3,paper_e281c5ca303e286c6893,qasper_question_822a545392fef791f328,0
True,2,2,paper_e281c5ca303e286c6893,qasper_question_efe7f98b7dc636c3bd95,0
True,8,8,paper_e281c5ca303e286c6893,qasper_question_0343986d69b7b0d4321d,0
True,3,3,paper_92c4ce8a626876f6835a,qasper_question_efb3ad76490d4bb95b64,0
True,3,3,paper_92c4ce8a626876f6835a,qasper_question_05499cd552734be079aa,0
True,3,3,paper_746966b31df398555456,qasper_question_dba98c541439b816d1f0,0
True,2,2,paper_746966b31df398555456,qasper_question_205dc3b16306d60a4ecd,0
True,3,3,paper_746966b31df398555456,qasper_question_57bd60529aa93a24ac6c,0
True,3,3,paper_746966b31df398555456,qasper_question_68b915310758a09e6f17,0
True,3,3,paper_72a368f8b91e6de09d13,qasper_question_a8a9a6dcbb2db09971cf,0
True,3,3,paper_72a368f8b91e6de09d13,qasper_question_9b185040f8a74d8f7ab6,0
True,2,2,paper_72a368f8b91e6de09d13,qasper_question_927a7226d40461237294,0
False,5,8,paper_db498e85c708b35ab85b,qasper_question_a133df43c261a8620d4b,3
True,3,3,paper_db498e85c708b35ab85b,qasper_question_0945b7da11eeb62b8345,0
True,3,3,paper_37a31b74b53fde0c54a0,qasper_question_008b4a49fc962324288a,0
True,3,3,paper_37a31b74b53fde0c54a0,qasper_question_a7c3995e94fc05d24ef7,0
True,3,3,paper_37a31b74b53fde0c54a0,qasper_question_866903eb5de5195b8d0c,0
True,3,3,paper_a8f689054325d079a049,qasper_question_e59b4072f5eea731565f,0
True,3,3,paper_a8f689054325d079a049,qasper_question_960fe84717a2b0e11dd6,0
True,6,6,paper_7411667628b18ba1b3b9,qasper_question_eab310f4a709d11bf48c,0
True,3,3,paper_7411667628b18ba1b3b9,qasper_question_1f3f2cc4b80c3da6fd13,0
True,4,4,paper_474d53ee724e1f1a1f8a,qasper_question_815cb3ee04b386df039b,0
True,1,1,paper_474d53ee724e1f1a1f8a,qasper_question_227141650946ebde0009,0
True,2,2,paper_474d53ee724e1f1a1f8a,qasper_question_3bd246597fc152e28744,0
True,2,2,paper_474d53ee724e1f1a1f8a,qasper_question_284d5aebe9e2205c7ad0,0
True,2,2,paper_474d53ee724e1f1a1f8a,qasper_question_0759708cc5f7402e8555,0
True,2,2,paper_474d53ee724e1f1a1f8a,qasper_question_4c43252de1067a82fea0,0
True,1,1,paper_474d53ee724e1f1a1f8a,qasper_question_535f1120c8dfa344a160,0
True,3,3,paper_474d53ee724e1f1a1f8a,qasper_question_c3e96b0372c3aca2b659,0
True,4,4,paper_ef3a7d960280cf2fb470,qasper_question_ff6916060058a74abff5,0
True,5,5,paper_ef3a7d960280cf2fb470,qasper_question_4f316b7a5ab56e2c3791,0
True,6,6,paper_ef3a7d960280cf2fb470,qasper_question_c4cac902d92d64475f4c,0
True,7,7,paper_a600809cb5fc4763c46b,qasper_question_ce169b43c81f16d1ffe2,0
True,9,9,paper_a600809cb5fc4763c46b,qasper_question_d7175848bbada281eebc,0
True,4,4,paper_a600809cb5fc4763c46b,qasper_question_e602c6bfe5bd7ab16846,0
True,2,2,paper_dc90b25b3be8d82ba87a,qasper_question_04c5bfab68357b2b6784,0
True,2,2,paper_dc90b25b3be8d82ba87a,qasper_question_215f2572dbdacb203f1f,0
True,3,3,paper_dc90b25b3be8d82ba87a,qasper_question_c7618316dbd42285aba3,0
True,3,3,paper_ab95bdddb7b60df14ed0,qasper_question_d9c83ca7ed5f94feaca8,0
True,10,10,paper_ab95bdddb7b60df14ed0,qasper_question_9714004b02e42c60b4f3,0
True,2,2,paper_ab95bdddb7b60df14ed0,qasper_question_7fd8e7b227412f463aa0,0
True,2,2,paper_ab95bdddb7b60df14ed0,qasper_question_d805db3599a07a8a16cb,0
