EM,NEM,generation_hit_max_new_tokens_count,instances,numeric_value_containment_rate,operator_preservation_accuracy,operator_preservation_instances,scale,seed,target_containment_rate,task,template_id,unit_preservation_accuracy,unit_preservation_instances,training_tokens,runtime_seconds,final_loss,peak_gpu_memory_bytes,optimizer_steps,adapter_sha256,source_experiment,claim_containment_rate,condition_preservation_accuracy,condition_preservation_instances,negation_preservation_accuracy,negation_preservation_instances,token_f1,token_precision,token_recall,uncertainty_preservation_accuracy,uncertainty_preservation_instances
0.84,0.84,0,300,0.9266666666666666,0.25,4.0,100,42,0.9066666666666666,T2_NUMERIC,TEMPLATE_0_PRIMARY,0.902027027027027,296.0,94266,48.664170200005174,0.01712140627205372,9491493376,39,97d1027e1bb49e63e778aae8362a248d15625aabe8706fba8191a413b1dc2b47,C2,,,,,,,,,,
0.85,0.85,0,300,0.9333333333333333,0.25,4.0,100,271828,0.9233333333333333,T2_NUMERIC,TEMPLATE_0_PRIMARY,0.8952702702702703,296.0,94266,48.33005540003069,0.02343270182609558,9490944512,39,55bb31b14110e71aad70b07372d4ca7cd5ad8b02dc155e381552df461e7ca1cb,C2,,,,,,,,,,
0.84,0.84,0,300,0.9266666666666666,0.25,4.0,100,314159,0.91,T2_NUMERIC,TEMPLATE_0_PRIMARY,0.8952702702702703,296.0,94266,47.95133920002263,0.000645511201582849,9491378688,39,8bfdd3697cc5c3b4fbc717a29213d98d30c1c13b33033afc9659a3cf2e28b47f,C2,,,,,,,,,,
0.9266666666666666,0.9266666666666666,0,300,0.9766666666666667,0.75,4.0,250,42,0.9666666666666667,T2_NUMERIC,TEMPLATE_0_PRIMARY,0.9493243243243243,296.0,232005,121.53104789997451,0.0012073019752278924,10620934656,96,3d0e4f3f92cc5761562e08325bb45b844d6b96408b1cf25b4ca4559884590bcb,C2,,,,,,,,,,
0.92,0.92,0,300,0.9766666666666667,0.75,4.0,250,271828,0.97,T2_NUMERIC,TEMPLATE_0_PRIMARY,0.9459459459459459,296.0,232005,120.74051929998677,0.0010810501407831907,10620934656,96,7c195c2ff0f4df05a5ffc463b9439852408d82f9b3dd87929e254c5b0be6d53d,C2,,,,,,,,,,
0.9233333333333333,0.9233333333333333,0,300,0.9733333333333334,0.75,4.0,250,314159,0.9666666666666667,T2_NUMERIC,TEMPLATE_0_PRIMARY,0.9459459459459459,296.0,232005,122.4206664999947,0.00012860583956353366,10620934656,96,fa2d7b535fe1259c5083d2857c4d481067ecaa5e40e79475c3e609dc10cf9318,C2,,,,,,,,,,
0.9366666666666666,0.9366666666666666,0,300,0.98,0.75,4.0,500,42,0.9766666666666667,T2_NUMERIC,TEMPLATE_0_PRIMARY,0.9527027027027027,296.0,454542,239.1639685999835,0.0005650529055856168,10728081408,189,81892a9d1111e5fa872627f7f46b119e41042599edec5a2c751786b9d0f44a0d,C2,,,,,,,,,,
0.9466666666666667,0.9466666666666667,0,300,0.9933333333333333,1.0,4.0,500,271828,0.99,T2_NUMERIC,TEMPLATE_0_PRIMARY,0.9527027027027027,296.0,454542,238.62908280000556,0.07430501282215118,10728040448,189,b5b58dcd255cbd6e9947ee5f1c46907621940d5a43e939f04949803ba10297fe,C2,,,,,,,,,,
0.93,0.93,0,300,0.9766666666666667,0.75,4.0,500,314159,0.97,T2_NUMERIC,TEMPLATE_0_PRIMARY,0.9527027027027027,296.0,454542,238.85869749996345,0.0002331351861357689,10728040448,189,861b8ab429557da0afb8ef0016ae6f6f856d1a8ddc9475c7dce08d901dcd47cf,C2,,,,,,,,,,
0.95,0.95,0,300,0.98,1.0,4.0,1000,42,0.9766666666666667,T2_NUMERIC,TEMPLATE_0_PRIMARY,0.9763513513513513,296.0,912459,480.9235768999206,0.0009993095882236958,10728040448,375,58adcc904facd1d9a90b9a1cba8dd9ccc36b4747063a24760c3c24821690d311,C2,,,,,,,,,,
0.96,0.96,0,300,0.9933333333333333,1.0,4.0,1000,271828,0.9866666666666667,T2_NUMERIC,TEMPLATE_0_PRIMARY,0.9662162162162162,296.0,912459,488.3673656000756,8.225686906371266e-05,10728040448,375,785df8e244af8a82691f52d59abddd5424d6d8ce2d80f49e1dafbb100d2ea7b9,C2,,,,,,,,,,
0.9533333333333334,0.9533333333333334,0,300,0.99,1.0,4.0,1000,314159,0.9833333333333333,T2_NUMERIC,TEMPLATE_0_PRIMARY,0.9662162162162162,296.0,912459,530.6089405999519,0.0008459173259325325,10728040448,375,859a8624289a4b20b0ab5c59f37d7c2827a0a0bcb4d91468ffcb3aa274503830,C2,,,,,,,,,,
0.9766666666666667,0.9766666666666667,0,300,1.0,1.0,4.0,2000,42,0.9966666666666667,T2_NUMERIC,TEMPLATE_0_PRIMARY,0.9763513513513513,296.0,1840416,937.2211809,4.0195493056671694e-05,10729048064,750,abb1ef5816499a38e0fe427b0e5d788bbc5d0b0f218c7a1ef3060ca927379b1e,C2,,,,,,,,,,
0.9733333333333334,0.9733333333333334,0,300,1.0,1.0,4.0,2000,271828,1.0,T2_NUMERIC,TEMPLATE_0_PRIMARY,0.9797297297297297,296.0,1840416,980.0770617999369,0.0003176205500494689,10728040448,750,785c664712a91350ac91488a6300a89920a30e94a5a4888b9bfd23ee713c7597,C2,,,,,,,,,,
0.9766666666666667,0.9766666666666667,0,300,1.0,1.0,4.0,2000,314159,0.9933333333333333,T2_NUMERIC,TEMPLATE_0_PRIMARY,0.9763513513513513,296.0,1840416,943.9472996999975,4.228801844874397e-05,10729089024,750,2270a8d1a74bd27bdb88b38ed850bb84effa71a74ae7bf12b595e86f4473dd88,C2,,,,,,,,,,
0.9866666666666667,0.9866666666666667,0,300,1.0,1.0,4.0,3000,42,1.0,T2_NUMERIC,TEMPLATE_0_PRIMARY,0.9864864864864865,296.0,2735670,1384.2855294999997,4.8265315854223445e-05,10728040448,1125,c7ed9d199f7f2d169bc2b9c9d4baf16b8e2723a01da1538ee31a1248aa0506a8,C3,,,,,,,,,,
0.9866666666666667,0.9866666666666667,0,300,1.0,1.0,4.0,3000,271828,0.9966666666666667,T2_NUMERIC,TEMPLATE_0_PRIMARY,0.9864864864864865,296.0,2735670,1487.6951360000003,0.033428728580474854,10728040448,1125,106279a51d84623d941a66555ae63fdd1438bd659bc074ced65358402c6299c1,C3,,,,,,,,,,
0.9933333333333333,0.9933333333333333,0,300,1.0,1.0,4.0,3000,314159,1.0,T2_NUMERIC,TEMPLATE_0_PRIMARY,0.9932432432432432,296.0,2735670,1398.6321199999998,4.660596823669039e-05,10729555968,1125,c965b642038018b348337e635ecad38304e71beeafac9018e2fa915a220b0616,C3,,,,,,,,,,
0.9866666666666667,0.9866666666666667,0,300,0.9966666666666667,1.0,4.0,3678,42,0.9933333333333333,T2_NUMERIC,TEMPLATE_0_PRIMARY,0.9864864864864865,296.0,3353784,1870.2401894999994,6.871346704429016e-05,10728040448,1380,cdbcff428d3de69f305ce4ebaec9e2afa3ccd60ce2b1d017b9088c06dcc80a1a,C3,,,,,,,,,,
0.99,0.99,0,300,1.0,1.0,4.0,3678,271828,0.9966666666666667,T2_NUMERIC,TEMPLATE_0_PRIMARY,0.9898648648648649,296.0,3353784,1754.217179700001,2.694010254344903e-05,10728040448,1380,7fc5ededfd2af9b2b8724c7513077fbeb25f965879862ce17ae4406f725e593e,C3,,,,,,,,,,
0.9866666666666667,0.9866666666666667,0,300,1.0,1.0,4.0,3678,314159,0.9966666666666667,T2_NUMERIC,TEMPLATE_0_PRIMARY,0.9864864864864865,296.0,3353784,1722.8409870000005,4.2345829569967464e-05,10728040448,1380,809aefc20b7a69dbf9bc8f3e9f5cc8c302c66b4703f0432b4c0d474fd01d148c,C3,,,,,,,,,,
0.28668941979522183,0.28668941979522183,4,293,,,,100,42,0.31399317406143346,T3_CLAIM,TEMPLATE_0_PRIMARY,,,188205,173.57358700002078,0.05290226638317108,10943477760,39,7ef3707bf4312da08982b7bb07b63e999e8b0f0037243501b2c7e5d22277360e,C2,0.31399317406143346,0.35353535353535354,99.0,0.3333333333333333,21.0,0.46600166034495105,0.48223016803849794,0.47584753065653634,0.3333333333333333,39.0
0.31399317406143346,0.31399317406143346,1,293,,,,100,271828,0.3378839590443686,T3_CLAIM,TEMPLATE_0_PRIMARY,,,188205,84.59422569989692,0.03414011001586914,10939984896,39,004ce848e23bf2831e9fa3e840f2900b18553ec3e56502acf15520b38b88274f,C2,0.3378839590443686,0.3939393939393939,99.0,0.2857142857142857,21.0,0.480477405230949,0.49557926252281403,0.48938209421984286,0.3333333333333333,39.0
0.2832764505119454,0.2832764505119454,1,293,,,,100,314159,0.31399317406143346,T3_CLAIM,TEMPLATE_0_PRIMARY,,,188205,83.11731209990103,0.49378013610839844,10939984896,39,db9668aca43e3bdad0d791cc3777f1958e9f224bb09eed29e348b78130666be4,C2,0.31399317406143346,0.3838383838383838,99.0,0.19047619047619047,21.0,0.4596165474652136,0.47131926175385763,0.4711895761279821,0.2564102564102564,39.0
0.30716723549488056,0.30716723549488056,3,293,,,,250,42,0.3310580204778157,T3_CLAIM,TEMPLATE_0_PRIMARY,,,449373,199.026615699986,0.061070919036865234,11152552960,96,35123f972439b8da15b1769afb685204fe7424c6971a49b12ce07fc122fb1da5,C2,0.3310580204778157,0.42424242424242425,99.0,0.5714285714285714,21.0,0.4761010835552602,0.48977675821226374,0.48579900616394855,0.358974358974359,39.0
0.32764505119453924,0.32764505119453924,2,293,,,,250,271828,0.3515358361774744,T3_CLAIM,TEMPLATE_0_PRIMARY,,,449373,199.23937919992022,0.03607015684247017,11152552960,96,330d1e51fdeedc307cfef5b39f0373ab9d2832759cabed6473c71f929bcb0397,C2,0.3515358361774744,0.47474747474747475,99.0,0.42857142857142855,21.0,0.4868781338229449,0.49753198755374317,0.4983172078320211,0.3333333333333333,39.0
0.32764505119453924,0.32764505119453924,1,293,,,,250,314159,0.3515358361774744,T3_CLAIM,TEMPLATE_0_PRIMARY,,,449373,199.67130310006905,0.014769556000828743,11123061760,96,9a307f8399526ab2c6b58c0e69d288e126fd8ee69bfbb72b96f6cceb4787b934,C2,0.3515358361774744,0.45454545454545453,99.0,0.42857142857142855,21.0,0.4887126624581192,0.4990015936014504,0.4982903566653286,0.48717948717948717,39.0
0.3242320819112628,0.3242320819112628,2,293,,,,500,42,0.3378839590443686,T3_CLAIM,TEMPLATE_0_PRIMARY,,,883944,395.97031379991677,0.018288133665919304,11152552960,189,fde4bbd25fd43a010c35e01e4b6806ad449de736801aa26c7729cc193f09e553,C2,0.3378839590443686,0.42424242424242425,99.0,0.47619047619047616,21.0,0.4736045484141304,0.4885534520250302,0.4803993957778724,0.46153846153846156,39.0
0.3174061433447099,0.3174061433447099,2,293,,,,500,271828,0.3412969283276451,T3_CLAIM,TEMPLATE_0_PRIMARY,,,883944,397.4032167000696,0.02678903564810753,11152552960,189,377727a8ae8fc1e25d94fccb106663c095411fd5bd976571ba70c91db6c570d4,C2,0.3412969283276451,0.3838383838383838,99.0,0.47619047619047616,21.0,0.47498311642593105,0.49029932606504634,0.4812317597241726,0.48717948717948717,39.0
0.3242320819112628,0.3242320819112628,3,293,,,,500,314159,0.3412969283276451,T3_CLAIM,TEMPLATE_0_PRIMARY,,,883944,415.9093215999892,0.014381330460309982,11152552960,189,959b4f4ceb3f81db69f680e66c9e30c8c6e9cf86f5d7386efcf4237dff53aa98,C2,0.3412969283276451,0.42424242424242425,99.0,0.42857142857142855,21.0,0.47283222466309205,0.48226041599241415,0.481504212860526,0.4358974358974359,39.0
0.447098976109215,0.447098976109215,1,293,,,,1000,42,0.4539249146757679,T3_CLAIM,TEMPLATE_0_PRIMARY,,,1781886,807.9600206000032,0.02873285673558712,11152552960,375,61e3ab088558d41ae332e76a62b4ebcd2c27dcaf6d41c5682cd3316d2f9d71e8,C2,0.4539249146757679,0.5050505050505051,99.0,0.5238095238095238,21.0,0.5669196699957149,0.5757878180051792,0.5725668981509746,0.5384615384615384,39.0
0.41638225255972694,0.41638225255972694,2,293,,,,1000,271828,0.4334470989761092,T3_CLAIM,TEMPLATE_0_PRIMARY,,,1781886,799.0814676000737,0.006559366825968027,11152552960,375,6c59a53bb1857dbebbca87a118bea0468e728ca1dc5d334010579663b6c2a738,C2,0.4334470989761092,0.5151515151515151,99.0,0.47619047619047616,21.0,0.5459342395244124,0.5543911911479923,0.5540816854784306,0.5384615384615384,39.0
0.45051194539249145,0.45051194539249145,1,293,,,,1000,314159,0.4641638225255973,T3_CLAIM,TEMPLATE_0_PRIMARY,,,1781886,808.3760595000349,0.008569326251745224,11152552960,375,c8052e864842420beb52cfd1b4bd833b95d609bc605d98e3ca1872fa9f2041b3,C2,0.4641638225255973,0.5151515151515151,99.0,0.5714285714285714,21.0,0.5751392451996601,0.5853496913265097,0.5795903378396593,0.6153846153846154,39.0
0.7952218430034129,0.7952218430034129,3,293,,,,2000,42,0.8088737201365188,T3_CLAIM,TEMPLATE_0_PRIMARY,,,3640149,1685.3963958000531,0.00713413255289197,11152552960,750,f2380327d03b6c1270762d21a52adb7f4a51ce7b3928a446021856322c77dcdd,C2,0.8088737201365188,0.8181818181818182,99.0,0.9047619047619048,21.0,0.8502155138656697,0.8555370922314559,0.8562084339435371,0.9743589743589743,39.0
0.8600682593856656,0.8600682593856656,1,293,,,,2000,271828,0.863481228668942,T3_CLAIM,TEMPLATE_0_PRIMARY,,,3640149,1641.9032785,0.0010363664478063583,11153330176,750,e41cd659926773904e344129dcc1455e1fdba7b0d03423fd10da3872932fdb6a,C2,0.863481228668942,0.8585858585858586,99.0,0.8571428571428571,21.0,0.9046712025509874,0.9078319350382292,0.9087136506605781,0.9230769230769231,39.0
0.757679180887372,0.757679180887372,1,293,,,,2000,314159,0.764505119453925,T3_CLAIM,TEMPLATE_0_PRIMARY,,,3640149,1657.8694528000196,0.02258429490029812,11152552960,750,e1e694bc9fe8503cddc5c28c297e637c150412792e9579a04c1d37beb4a409fa,C2,0.764505119453925,0.7676767676767676,99.0,0.8571428571428571,21.0,0.8175713842306577,0.8187085911571754,0.8265368809689912,0.8974358974358975,39.0
0.9112627986348123,0.9112627986348123,1,293,,,,2286,42,0.9180887372013652,T3_CLAIM,TEMPLATE_0_PRIMARY,,,4182126,1901.503431699999,0.0016243436839431524,11153552384,858,cd3cec3d2bef5e63c18d6b3e67eb1a1bc79ae1819f578569752aa0f5dd26be6c,C3,0.9180887372013652,0.9191919191919192,99.0,0.9523809523809523,21.0,0.942697614816191,0.9443081985090734,0.9465055951680776,1.0,39.0
0.8976109215017065,0.8976109215017065,1,293,,,,2286,271828,0.9078498293515358,T3_CLAIM,TEMPLATE_0_PRIMARY,,,4182126,2629.6759721000017,0.009394831024110317,11152552960,858,f5b083b3313380aaa33eea45b492cd5d56687f9c2cf866fb09443e22a16314ee,C3,0.9078498293515358,0.898989898989899,99.0,0.9047619047619048,21.0,0.9320922973375697,0.9320965142281511,0.9388901576464904,1.0,39.0
0.9215017064846417,0.9215017064846417,2,293,,,,2286,314159,0.931740614334471,T3_CLAIM,TEMPLATE_0_PRIMARY,,,4182126,2092.0366161,0.0008464893908239901,11152569344,858,61bf5be94de6f7a59cd0488b85eb219f23510bca43e0049dc576fd91c66ec72f,C3,0.931740614334471,0.9191919191919192,99.0,0.9047619047619048,21.0,0.9518535996396102,0.9528487626312517,0.9576507152429856,0.9743589743589743,39.0
