task,scale,reference_scale,mean_NEM_difference_reference_minus_scale,ci95_low,ci95_high,one_sided_ucb95,delta_nem,practically_equivalent,bootstrap_replicates,bootstrap_seed,method
T2_NUMERIC,100,3678,0.1444444444444445,0.12222222222222222,0.1677777777777778,0.16444444444444442,0.02,False,10000,SHA256(C3_BOOTSTRAP_V1|task|scale|reference),outer resampling of three training seeds; inner paired resampling of frozen Eval examples
T2_NUMERIC,250,3678,0.06444444444444446,0.04777777777777778,0.08222222222222221,0.07888888888888888,0.02,False,10000,SHA256(C3_BOOTSTRAP_V1|task|scale|reference),outer resampling of three training seeds; inner paired resampling of frozen Eval examples
T2_NUMERIC,500,3678,0.05000000000000001,0.034444444444444444,0.06666666666666667,0.06333333333333334,0.02,False,10000,SHA256(C3_BOOTSTRAP_V1|task|scale|reference),outer resampling of three training seeds; inner paired resampling of frozen Eval examples
T2_NUMERIC,1000,3678,0.03333333333333336,0.02111111111111111,0.04666666666666667,0.044444444444444446,0.02,False,10000,SHA256(C3_BOOTSTRAP_V1|task|scale|reference),outer resampling of three training seeds; inner paired resampling of frozen Eval examples
T2_NUMERIC,2000,3678,0.012222222222222209,0.0022222222222222222,0.022222222222222223,0.021111111111111112,0.02,False,10000,SHA256(C3_BOOTSTRAP_V1|task|scale|reference),outer resampling of three training seeds; inner paired resampling of frozen Eval examples
T2_NUMERIC,3000,3678,-0.0011111111111110998,-0.008888888888888889,0.006666666666666667,0.005555555555555556,0.02,True,10000,SHA256(C3_BOOTSTRAP_V1|task|scale|reference),outer resampling of three training seeds; inner paired resampling of frozen Eval examples
T3_CLAIM,100,2286,0.61547212741752,0.5733788395904437,0.6564562002275309,0.6507394766780432,0.02,False,10000,SHA256(C3_BOOTSTRAP_V1|task|scale|reference),outer resampling of three training seeds; inner paired resampling of frozen Eval examples
T3_CLAIM,250,2286,0.5893060295790672,0.5517633674630261,0.6257110352673493,0.6200227531285553,0.02,False,10000,SHA256(C3_BOOTSTRAP_V1|task|scale|reference),outer resampling of three training seeds; inner paired resampling of frozen Eval examples
T3_CLAIM,500,2286,0.5881683731513083,0.5517633674630261,0.6234357224118315,0.6177474402730375,0.02,False,10000,SHA256(C3_BOOTSTRAP_V1|task|scale|reference),outer resampling of three training seeds; inner paired resampling of frozen Eval examples
T3_CLAIM,1000,2286,0.47212741751990905,0.4357224118316269,0.5085324232081911,0.502844141069397,0.02,False,10000,SHA256(C3_BOOTSTRAP_V1|task|scale|reference),outer resampling of three training seeds; inner paired resampling of frozen Eval examples
T3_CLAIM,2000,2286,0.10580204778157003,0.040955631399317405,0.1672354948805461,0.15927189988623433,0.02,False,10000,SHA256(C3_BOOTSTRAP_V1|task|scale|reference),outer resampling of three training seeds; inner paired resampling of frozen Eval examples
