task,scale,training_tokens,runtime_seconds_mean,runtime_seconds_sd,peak_gpu_memory_bytes_max,optimizer_steps,final_loss_mean
T2_NUMERIC,100,94266,48.315188266686164,0.35664798103233536,9491493376,39,0.01373320643324405
T2_NUMERIC,250,232005,121.56407789998532,0.8405604612989804,10620934656,96,0.0008056526518582056
T2_NUMERIC,500,454542,238.88391629998418,0.268333180319488,10728081408,189,0.02503440030462419
T2_NUMERIC,1000,912459,499.96662769998267,26.79675358038458,10728040448,375,0.000642494594406647
T2_NUMERIC,2000,1840416,953.7485141333115,23.04787376751368,10729089024,750,0.00013336802051829486
T2_NUMERIC,3000,2735670,1423.5375951666665,56.023197865521134,10729555968,1125,0.01117453328818859
T2_NUMERIC,3678,3353784,1782.4327854000003,77.64484225093314,10728040448,1380,4.599979971923555e-05
T3_CLAIM,100,188205,113.76170826660625,51.80386999695079,10943477760,39,0.1936075041691462
T3_CLAIM,250,449373,199.31243266665842,0.3284936341975522,11152552960,96,0.03730354396005472
T3_CLAIM,500,883944,403.0942840333252,11.121249640061757,11152552960,189,0.01981949992477894
T3_CLAIM,1000,1781886,805.1391825667039,5.250257617897155,11152552960,375,0.014620516604433456
T3_CLAIM,2000,3640149,1661.7230423666908,22.00114605038371,11153330176,750,0.010251597966998816
T3_CLAIM,2286,4182126,2207.7386733000003,377.62287626464376,11153552384,858,0.003955221366292487
