feature,dtype,missing_n,missing_percent,nonmissing_unique,included_in_main_model,role_or_exclusion_reason
results_presence,bool,0,0.0,2,True,main_binary_predictor
discussion_presence,bool,0,0.0,2,True,main_binary_predictor
conclusion_presence,bool,0,0.0,2,True,main_binary_predictor
methods_presence,bool,0,0.0,2,True,main_binary_predictor
abstract_presence,bool,0,0.0,2,False,excluded_near_constant_99.68_percent_present
section_count,int64,0,0.0,57,True,main_z_standardized_continuous_predictor
paragraph_count,int64,0,0.0,168,False,excluded_raw_structure_count_partly_tracks_length_exposure
average_paragraph_length,float64,2,0.10526315789473684,1888,True,main_z_standardized_continuous_predictor
figure_count,int64,0,0.0,76,False,excluded_raw_object_count_use_density_instead
table_count,int64,0,0.0,24,False,excluded_raw_object_count_use_density_instead
formula_count,int64,0,0.0,53,False,excluded_raw_object_count_use_density_instead
figure_density_per_10k,float64,2,0.10526315789473684,1860,True,main_z_standardized_continuous_predictor
table_density_per_10k,float64,2,0.10526315789473684,1411,False,excluded_pre_model_collinearity_abs_r_0.959_with_figure_density_keep_more_basic_figure_density
formula_density_per_10k,float64,2,0.10526315789473684,843,True,main_z_standardized_continuous_predictor
figure_caption_coverage,float64,18,0.9473684210526315,327,False,excluded_structurally_undefined_when_no_figures_no_blind_imputation
table_caption_coverage,float64,457,24.05263157894737,44,False,excluded_structurally_undefined_when_no_tables_no_blind_imputation
suspected_word_split_rate,float64,2,0.10526315789473684,383,True,main_z_standardized_continuous_predictor
reference_like_rate,float64,2,0.10526315789473684,835,True,main_z_standardized_continuous_predictor
year,object,1900,100.0,0,False,excluded_100_percent_missing
topic_cluster,int64,0,0.0,31,False,excluded_31_categories_no_frozen_upper_taxonomy_avoid_sparse_dummy_expansion
category,object,1900,100.0,0,False,excluded_100_percent_missing
document_type,object,1900,100.0,0,False,excluded_100_percent_missing
numeric_density,float64,2,0.10526315789473684,1872,False,excluded_target_proximal_candidate_detection_leakage
definition_pattern_density,float64,2,0.10526315789473684,999,False,excluded_target_proximal_candidate_detection_leakage
claim_cue_density,float64,2,0.10526315789473684,1875,False,excluded_target_proximal_candidate_detection_leakage
raw_count,int64,0,0.0,57,False,excluded_candidate_generation_chain_leakage
hard_pass_count,int64,0,0.0,39,False,excluded_candidate_generation_chain_leakage
ready_count,int64,0,0.0,39,False,excluded_candidate_generation_chain_leakage
source_tokens,float64,2,0.10526315789473684,1767,False,offset_only_not_ordinary_predictor
