task,predictor,coefficient,se,or,ci_lower,ci_upper,raw_p,holm_adjusted_p
T1b_EXPLICIT_DEFINITION,results_presence,-0.031446538178440266,0.17068422544324122,0.9690427618601399,0.6935156500103106,1.3540341509230065,0.8538266679562012,1.0
T1b_EXPLICIT_DEFINITION,discussion_presence,0.0638998875658194,0.1792597098154046,1.0659856749986807,0.7501795601663683,1.5147379636021923,0.7214920451162501,1.0
T1b_EXPLICIT_DEFINITION,conclusion_presence,0.18234716347126026,0.12738906276738618,1.2000307284061913,0.9348858791038076,1.540373837392394,0.15231007935611648,1.0
T1b_EXPLICIT_DEFINITION,methods_presence,-0.0729053541526338,0.1791141558966452,0.9296888170478003,0.654448325862142,1.320686847819679,0.6839838251558581,1.0
T1b_EXPLICIT_DEFINITION,section_count,0.1962259913970209,0.055347967250912046,1.2168018610168054,1.0917107583893104,1.3562262326318197,0.0003921438040737793,0.0035292942366640136
T1b_EXPLICIT_DEFINITION,average_paragraph_length,-0.019024927294701243,0.06086824131408119,0.9811549044005238,0.8708160764653987,1.1054744766961726,0.7546155986149227,1.0
T1b_EXPLICIT_DEFINITION,figure_density_per_10k,-0.0986147426869083,0.18120975531846756,0.9060917192508411,0.6352228881234636,1.2924631952735508,0.5863023563867815,1.0
T1b_EXPLICIT_DEFINITION,formula_density_per_10k,0.5230756675838351,0.10157799265475953,1.687208971543507,1.3826285866975372,2.0588856190629556,2.6118459235435983e-07,2.611845923543598e-06
T1b_EXPLICIT_DEFINITION,suspected_word_split_rate,0.06080918137879512,0.05293243004433295,1.0626961126316818,0.9579722432037716,1.1788682144126261,0.25063529791058226,1.0
T1b_EXPLICIT_DEFINITION,reference_like_rate,-0.14500179520024786,0.057534212289804515,0.8650207402239002,0.7727754384235355,0.9682772559955566,0.011726458004188735,0.09381166403350988
T3_CLAIM,results_presence,0.6550892412847241,0.18983225403041926,1.9253143272340425,1.3271381544345557,2.793104279510386,0.0005587519985460577,0.003911263989822404
T3_CLAIM,discussion_presence,1.1344792268400476,0.19864940898849162,3.1095537490372216,2.106722747262719,4.58974705177265,1.1233932778718191e-08,1.0110539500846372e-07
T3_CLAIM,conclusion_presence,1.3398168292624877,0.15018081545879694,3.81834403241431,2.844729089854082,5.1251808834358386,4.606048068199293e-19,4.606048068199293e-18
T3_CLAIM,methods_presence,0.5133445027133929,0.19477095193401786,1.6708700899804438,1.1406524824351003,2.4475525197921986,0.008398081930448394,0.05038849158269036
T3_CLAIM,section_count,-0.3143265249736129,0.0718358059968677,0.730280534392236,0.6343704954612844,0.8406911461486114,1.2108521077289548e-05,9.686816861831638e-05
T3_CLAIM,average_paragraph_length,-0.0010083814035594303,0.08073639599637633,0.9989921268421186,0.8527841515180852,1.170267139364603,0.9900348408465798,1.0
T3_CLAIM,figure_density_per_10k,-0.2606405312213369,0.24324825248142853,0.7705578613294485,0.4783568172395958,1.241247947678387,0.28394461770124324,1.0
T3_CLAIM,formula_density_per_10k,0.037720801072857295,0.0975947880674547,1.0384412607145306,0.8576480441383776,1.2573459000162954,0.6991232502856362,1.0
T3_CLAIM,suspected_word_split_rate,0.008543069849840275,0.06577812568473727,1.0085796660113564,0.8865837480691144,1.1473624966699478,0.8966636907203477,1.0
T3_CLAIM,reference_like_rate,0.01768071739788775,0.07348191780929376,1.0178379465562644,0.8813140954956,1.1755106275331837,0.8098549395694441,1.0
