task,predictor,coefficient,se,irr,ci_lower,ci_upper,raw_p,variant,holm_adjusted_p
T1a_ACRONYM,results_presence,0.10316022633782834,0.05790594319424458,1.108669032824619,0.9897198686899747,1.241914063997942,0.07482858227330927,main,0.3741429113665463
T1a_ACRONYM,discussion_presence,0.18046675849406418,0.061542089065924996,1.1977763049305592,1.0616735463266227,1.3513269513185457,0.003363402610215864,main,0.030270623491942778
T1a_ACRONYM,conclusion_presence,0.03001763807355065,0.04307944533140385,1.0304727093466663,0.9470375611760337,1.1212585944211348,0.4859297013715156,main,0.9718594027430312
T1a_ACRONYM,methods_presence,0.0727464767596588,0.062263775340857516,1.0754578487910997,0.9519066740560335,1.2150451468084746,0.2426617625642773,main,0.7279852876928319
T1a_ACRONYM,section_count,-0.030996576116724222,0.02134979506342516,0.9694788924529094,0.9297482712789489,1.010907308941614,0.14654493103154237,main,0.5861797241261695
T1a_ACRONYM,average_paragraph_length,-0.04142719679343957,0.020536891785332495,0.9594191815917814,0.9215679509896098,0.9988250622407134,0.043673738487529874,main,0.29760507563531785
T1a_ACRONYM,figure_density_per_10k,0.1335619199596081,0.03518298054311815,1.1428920317726279,1.0667370946862826,1.2244837109311428,0.0001469261065834221,main,0.001469261065834221
T1a_ACRONYM,formula_density_per_10k,0.007305154617406995,0.013874055055922572,1.0073319023518417,0.9803089581230358,1.0350997541006108,0.5985175900239423,main,0.9718594027430312
T1a_ACRONYM,suspected_word_split_rate,0.04794854294613051,0.019855022011075432,1.0491166694825294,1.009074339320773,1.0907479690019468,0.01573811507081739,main,0.12590492056653912
T1a_ACRONYM,reference_like_rate,-0.03832767135478346,0.018895114687837975,0.9623975391144759,0.9274082459192353,0.9987069096798384,0.042515010805045404,main,0.29760507563531785
T1b_EXPLICIT_DEFINITION,results_presence,-0.15783544867172775,0.1331582745004238,0.8539902956447886,0.6578220197572471,1.108657665981755,0.2358901095647008,main,0.7076703286941024
T1b_EXPLICIT_DEFINITION,discussion_presence,0.09062682232755825,0.13943165630098855,1.094860351575343,0.833056174822666,1.4389416052367143,0.5157096141532032,main,1.0
T1b_EXPLICIT_DEFINITION,conclusion_presence,0.26264838978575517,0.11459216395060161,1.300369415391391,1.0387851190115516,1.6278252215379916,0.021904057000664525,main,0.1752324560053162
T1b_EXPLICIT_DEFINITION,methods_presence,-0.1945276648626097,0.1393153800294745,0.8232234035791384,0.6265161090464525,1.0816908973527666,0.1626207174324824,main,0.6745539047043215
T1b_EXPLICIT_DEFINITION,section_count,-0.02313653851939373,0.04572833524678964,0.9771290589097076,0.8933628723075714,1.068749583581367,0.6128873398748115,main,1.0
T1b_EXPLICIT_DEFINITION,average_paragraph_length,-0.2422532817699045,0.05287702626756208,0.7848573623129054,0.7075900709080128,0.8705620733008445,4.617701244667365e-06,main,4.617701244667365e-05
T1b_EXPLICIT_DEFINITION,figure_density_per_10k,0.13074949904455876,0.07666732697582967,1.1396822540575176,0.9806734978868161,1.3244730718353042,0.08811732108694342,main,0.6168212476086039
T1b_EXPLICIT_DEFINITION,formula_density_per_10k,0.08227522195583256,0.05032020561503249,1.0857545922143503,0.9837823762432727,1.1982965572286663,0.10204202495667054,main,0.6168212476086039
T1b_EXPLICIT_DEFINITION,suspected_word_split_rate,0.07427824138465182,0.04968397617574167,1.0771064593989088,0.977164212728129,1.1872705833544865,0.1349107809408643,main,0.6745539047043215
T1b_EXPLICIT_DEFINITION,reference_like_rate,-0.21517468198914447,0.04994543460893197,0.8064005642188338,0.7312016991845293,0.889333094681917,1.6459209163875255e-05,main,0.0001481328824748773
T2_NUMERIC,results_presence,0.16230462303467816,0.054575514487404046,1.1762184899986976,1.0568983989757557,1.3090093972661534,0.002939969836952869,main,0.026459728532575822
T2_NUMERIC,discussion_presence,0.06488910773007713,0.05712804545852541,1.0670406912588457,0.9540112607562394,1.1934616326222527,0.2560177549378593,main,1.0
T2_NUMERIC,conclusion_presence,0.13583643335132597,0.03825993442291721,1.145494513572059,1.0627377269819662,1.2346956801374138,0.00038470879286457975,main,0.0038470879286457973
T2_NUMERIC,methods_presence,0.07745385737475755,0.05651040278089506,1.0805323727079026,0.9672439920167308,1.207089646569316,0.17049582317414025,main,1.0
T2_NUMERIC,section_count,-0.03414960157795335,0.015786317818307225,0.9664269148309094,0.9369829287589064,0.9967961560908128,0.03052268906764746,main,0.2136588234735322
T2_NUMERIC,average_paragraph_length,0.01235836558136589,0.01901032982732493,1.0124350457361675,0.9754062811004924,1.050869511193143,0.5156361179201974,main,1.0
T2_NUMERIC,figure_density_per_10k,0.01720637290485449,0.09433428465083828,1.017355255221554,0.8456198015692251,1.2239681632410115,0.8552704946294856,main,1.0
T2_NUMERIC,formula_density_per_10k,-0.02496500762837385,0.011189110723402774,0.975344041032349,0.9541873323489863,0.996969846618529,0.02566869004871149,main,0.20534952038969193
T2_NUMERIC,suspected_word_split_rate,-0.009334395283116026,0.016015601154793627,0.9907090349478381,0.9600936984439719,1.0223006291136014,0.5600068030159436,main,1.0
T2_NUMERIC,reference_like_rate,0.008011355524080574,0.017334070511367136,1.0080435323018864,0.974371337123152,1.0428793667267242,0.643956595573683,main,1.0
T3_CLAIM,results_presence,0.7261932218648578,0.07638512846655794,2.067196252704606,1.7797646226891284,2.4010480333850213,1.9624500230725383e-21,main,1.7662050207652845e-20
T3_CLAIM,discussion_presence,0.4296204824461456,0.08028322663088203,1.5366742180276436,1.312939149593026,1.798535486646755,8.731949359093447e-08,main,6.112364551365413e-07
T3_CLAIM,conclusion_presence,-0.03016595843379078,0.05707967992592903,0.9702844932910453,0.867586486967782,1.0851390749658156,0.5971602780499525,main,0.6559311149267582
T3_CLAIM,methods_presence,0.3128719855143448,0.08373824564905516,1.3673464796669823,1.160380582781397,1.6112268881440843,0.00018674095404704668,main,0.00112044572428228
T3_CLAIM,section_count,-0.5029279969130526,0.028028752965647736,0.6047573372216283,0.5724308463466721,0.6389093796351817,5.415354610034894e-72,main,5.415354610034894e-71
T3_CLAIM,average_paragraph_length,-0.18637276348541187,0.028077115754804396,0.8299641569799989,0.7855250752348097,0.8769172666647359,3.182084387811486e-11,main,2.545667510249189e-10
T3_CLAIM,figure_density_per_10k,0.12405730509356351,0.045426683718187054,1.1320807431333122,1.035643156602167,1.2374984576522337,0.006315499122371185,main,0.018946497367113554
T3_CLAIM,formula_density_per_10k,0.017750273490273433,0.018145483241438082,1.0179087458487412,0.9823435150427374,1.0547615971489153,0.3279655574633791,main,0.6559311149267582
T3_CLAIM,suspected_word_split_rate,0.0850256584587928,0.026721126463070337,1.0887450018587765,1.0331921794549639,1.147284796230048,0.0014628007510838728,main,0.005851203004335491
T3_CLAIM,reference_like_rate,-0.09534662931139956,0.02582050819482196,0.9090577737792732,0.8641975457174267,0.9562466824439907,0.0002219114522894674,main,0.00112044572428228
