task,predictor,coefficient,se,irr,ci_lower,ci_upper,raw_p,variant,holm_adjusted_p,direction_consistent_with_main,n,converged
T1a_ACRONYM,results_presence,0.12276566510744644,0.05777997535388991,1.1306194463158297,1.0095644441106948,1.2661899295725914,0.03361085656833518,winsorized_1_99,,True,1898,True
T1a_ACRONYM,discussion_presence,0.14858554553562486,0.061338610814808285,1.1601920427791101,1.0287701682938801,1.3084026127626311,0.015419133331114157,winsorized_1_99,,True,1898,True
T1a_ACRONYM,conclusion_presence,0.010739185372005852,0.04311085597491472,1.01079705740386,0.9288978160724111,1.0999172067992635,0.8032785644171297,winsorized_1_99,,True,1898,True
T1a_ACRONYM,methods_presence,0.07089910054456462,0.06209539969523118,1.0734729075720222,0.9504633785012498,1.2124024021927275,0.2535467158400979,winsorized_1_99,,True,1898,True
T1a_ACRONYM,section_count,0.00737038507468272,0.01975090872270187,1.0073976132156122,0.9691453438522216,1.0471597037020481,0.7090242412295014,winsorized_1_99,,False,1898,True
T1a_ACRONYM,average_paragraph_length,-0.0391566015981765,0.020988068645525507,0.9616001092406677,0.9228464110252187,1.001981217074263,0.06208893968387392,winsorized_1_99,,True,1898,True
T1a_ACRONYM,figure_density_per_10k,0.12050857914415185,0.019776278642057193,1.1280704188029869,1.0851820763932232,1.1726537854438643,1.1040463285127854e-09,winsorized_1_99,,True,1898,True
T1a_ACRONYM,formula_density_per_10k,-0.05734937693121849,0.02111224869251528,0.9442641076331861,0.9059885382102906,0.9841567165139329,0.006599551907229588,winsorized_1_99,,False,1898,True
T1a_ACRONYM,suspected_word_split_rate,0.05500620297423474,0.01877644920319796,1.0565471683900314,1.0183717606864133,1.0961536465628021,0.0033947319548690417,winsorized_1_99,,True,1898,True
T1a_ACRONYM,reference_like_rate,-0.04194630400776236,0.018913059472390602,0.958921269419139,0.9240258612086101,0.9951344865409757,0.026565151588899917,winsorized_1_99,,True,1898,True
T1a_ACRONYM,results_presence,0.07005262627303269,0.05731656785795259,1.0725646248477878,0.9585957915736845,1.2000833767341326,0.2216299126650071,leave_top_1_percent_out,,True,1879,True
T1a_ACRONYM,discussion_presence,0.2320993886261684,0.06106564988762158,1.2612450760145506,1.1189748058018056,1.4216040732312107,0.00014421951549614784,leave_top_1_percent_out,,True,1879,True
T1a_ACRONYM,conclusion_presence,0.010820035606371578,0.04211395222886608,1.0108787838866053,0.9307898110955958,1.0978589403651215,0.7972383495647347,leave_top_1_percent_out,,True,1879,True
T1a_ACRONYM,methods_presence,0.08123045942142348,0.06150973400625618,1.0846208288547106,0.961436841162382,1.223587751186238,0.18663095085057502,leave_top_1_percent_out,,True,1879,True
T1a_ACRONYM,section_count,-0.058303649761910596,0.020862886123419227,0.9433634518542914,0.9055668704578573,0.9827375882738404,0.005196220874495528,leave_top_1_percent_out,,True,1879,True
T1a_ACRONYM,average_paragraph_length,-0.03728777951734577,0.02019726743431693,0.9633988489965251,0.9260068043296955,1.0023007799814991,0.06486615783597646,leave_top_1_percent_out,,True,1879,True
T1a_ACRONYM,figure_density_per_10k,0.13460418421256096,0.034554546652125116,1.1440838482683031,1.0691655851332202,1.2242517623734726,9.803208455911724e-05,leave_top_1_percent_out,,True,1879,True
T1a_ACRONYM,formula_density_per_10k,0.009618774992431262,0.01380627367311429,1.0096651840888118,0.9827101901075935,1.03735953307809,0.4859930920974077,leave_top_1_percent_out,,True,1879,True
T1a_ACRONYM,suspected_word_split_rate,0.027565125213698593,0.019437545377857496,1.0279485582969146,0.98952350116605,1.0678657326071792,0.156150426473543,leave_top_1_percent_out,,True,1879,True
T1a_ACRONYM,reference_like_rate,-0.033913059555025805,0.01866188363363163,0.9666555424473086,0.9319373576655595,1.002667110678734,0.06918087998199525,leave_top_1_percent_out,,True,1879,True
T1b_EXPLICIT_DEFINITION,results_presence,-0.16566867660755508,0.13271779650014884,0.8473269269187349,0.6532530028181952,1.0990579729204262,0.21192934788209783,winsorized_1_99,,True,1898,True
T1b_EXPLICIT_DEFINITION,discussion_presence,0.08787515590052745,0.13977194127106532,1.0918518022640042,0.8302131407779108,1.4359449393804071,0.5295429651002739,winsorized_1_99,,True,1898,True
T1b_EXPLICIT_DEFINITION,conclusion_presence,0.22893727366437602,0.11567772423890763,1.257263173024619,1.0022155510566828,1.5772162830414236,0.04780524513763255,winsorized_1_99,,True,1898,True
T1b_EXPLICIT_DEFINITION,methods_presence,-0.12048947859943415,0.14083727491272982,0.8864864143749733,0.6726531472973186,1.1682962698218682,0.39226187095762144,winsorized_1_99,,True,1898,True
T1b_EXPLICIT_DEFINITION,section_count,0.007485303949391067,0.04730220724098318,1.007513388867983,0.9183053497838782,1.1053874715933498,0.8742643092031284,winsorized_1_99,,False,1898,True
T1b_EXPLICIT_DEFINITION,average_paragraph_length,-0.19919205185189517,0.05374503807579627,0.8193925123713268,0.7374696155816539,0.9104159346289109,0.00021035832472290366,winsorized_1_99,,True,1898,True
T1b_EXPLICIT_DEFINITION,figure_density_per_10k,0.11470522135695727,0.046630171321056846,1.121542781979843,1.023585607948677,1.2288744605660331,0.01389785322172258,winsorized_1_99,,True,1898,True
T1b_EXPLICIT_DEFINITION,formula_density_per_10k,0.14073525832326553,0.04554128300039159,1.1511198582398574,1.052823901193615,1.258593128947656,0.0019996873767179043,winsorized_1_99,,True,1898,True
T1b_EXPLICIT_DEFINITION,suspected_word_split_rate,0.10236288135267203,0.04814514502183373,1.1077853934606212,1.0080322176365433,1.2174099760838983,0.03349236024163931,winsorized_1_99,,True,1898,True
T1b_EXPLICIT_DEFINITION,reference_like_rate,-0.19670214638471076,0.05024832252152449,0.8214352643419415,0.7443923367418773,0.9064519611497438,9.055373159958525e-05,winsorized_1_99,,True,1898,True
T1b_EXPLICIT_DEFINITION,results_presence,0.05649522618275585,0.13686298440064662,1.0581215635092027,0.8091659169138856,1.3836732612680152,0.6797628618370714,leave_top_1_percent_out,,False,1879,True
T1b_EXPLICIT_DEFINITION,discussion_presence,-0.025695527185355775,0.14450268181119785,0.9746317933227044,0.7342427527670021,1.293723538946343,0.8588640121763366,leave_top_1_percent_out,,False,1879,True
T1b_EXPLICIT_DEFINITION,conclusion_presence,0.15879140049517404,0.10889014734279372,1.17209342307019,0.9468360120092014,1.450940791203287,0.14476571754839584,leave_top_1_percent_out,,True,1879,True
T1b_EXPLICIT_DEFINITION,methods_presence,-0.11808943071307212,0.13992213134687903,0.8886165794466516,0.67547997360573,1.1690049388916022,0.39868876775890083,leave_top_1_percent_out,,True,1879,True
T1b_EXPLICIT_DEFINITION,section_count,-0.048657766263431906,0.04165680291970826,0.9525070539723711,0.8778288818778228,1.0335382061322975,0.24278139158108347,leave_top_1_percent_out,,True,1879,True
T1b_EXPLICIT_DEFINITION,average_paragraph_length,-0.23698731526424902,0.05094980353401034,0.7890012962270837,0.7140180083297247,0.8718590262229698,3.2970799559962628e-06,leave_top_1_percent_out,,True,1879,True
T1b_EXPLICIT_DEFINITION,figure_density_per_10k,0.14438033921840931,0.06371191497489018,1.1553234397862615,1.0196987907318624,1.3089867936016293,0.02344260128672817,leave_top_1_percent_out,,True,1879,True
T1b_EXPLICIT_DEFINITION,formula_density_per_10k,0.06603153895880581,0.03552803185126801,1.0682604084557126,0.9964043559543035,1.1452983855946752,0.0630872949869555,leave_top_1_percent_out,,True,1879,True
T1b_EXPLICIT_DEFINITION,suspected_word_split_rate,0.05775432866600783,0.04644324809780831,1.059454686090255,0.9672746849903274,1.160419319657709,0.21366659580073388,leave_top_1_percent_out,,True,1879,True
T1b_EXPLICIT_DEFINITION,reference_like_rate,-0.1700671954253561,0.0482243485067649,0.8436081280848001,0.7675242670791051,0.9272341009869225,0.00042095828122660204,leave_top_1_percent_out,,True,1879,True
T2_NUMERIC,results_presence,0.18718583534645533,0.05340824966015667,1.2058513540334617,1.0860069156955199,1.3389210206760853,0.00045693107384242853,winsorized_1_99,,True,1898,True
T2_NUMERIC,discussion_presence,0.04490122244403778,0.05615447279416478,1.0459245409361286,0.9369179926080163,1.1676135520541089,0.4239414934880229,winsorized_1_99,,True,1898,True
T2_NUMERIC,conclusion_presence,0.16012138872805867,0.03815137998605991,1.1736533306301251,1.089093891141286,1.2647781350198488,2.7047246499524826e-05,winsorized_1_99,,True,1898,True
T2_NUMERIC,methods_presence,0.027176996011792437,0.05649808447172524,1.0275496588606496,0.9198384568398733,1.1478736223445838,0.6304986687408785,winsorized_1_99,,True,1898,True
T2_NUMERIC,section_count,-0.04948835629597956,0.017269559052107232,0.9517162395741526,0.9200418967162467,0.9844810371157647,0.0041616590931193445,winsorized_1_99,,True,1898,True
T2_NUMERIC,average_paragraph_length,-0.01020019268619559,0.01912257095744272,0.9898516528513274,0.9534390836767853,1.027654845943632,0.5937489964314082,winsorized_1_99,,False,1898,True
T2_NUMERIC,figure_density_per_10k,0.014085912646191162,0.01792133326455716,1.014185586563227,0.9791805259784148,1.0504420550692923,0.43187583297441956,winsorized_1_99,,True,1898,True
T2_NUMERIC,formula_density_per_10k,-0.14222127132553264,0.01875750540351116,0.8674292980186665,0.8361181849295347,0.899912955636253,3.400074948170664e-14,winsorized_1_99,,True,1898,True
T2_NUMERIC,suspected_word_split_rate,-0.015760846990861072,0.01638150302230227,0.9843627052106644,0.9532596062510772,1.0164806407987483,0.3359931520191076,winsorized_1_99,,True,1898,True
T2_NUMERIC,reference_like_rate,-0.0059779896255614355,0.017420890579724048,0.9940398430023037,0.9606719343530077,1.028566750148186,0.7314851415815411,winsorized_1_99,,False,1898,True
T2_NUMERIC,results_presence,0.17759727962121294,0.05380601945534823,1.1943442376064413,1.0748051822446028,1.3271783402874213,0.000964455365124137,leave_top_1_percent_out,,True,1879,True
T2_NUMERIC,discussion_presence,0.052276546319175825,0.05619134390487103,1.053667089981344,0.9437854049183791,1.1763419212927624,0.352199758173404,leave_top_1_percent_out,,True,1879,True
T2_NUMERIC,conclusion_presence,0.1360651898109234,0.03796776676970466,1.1457565828153453,1.0635897405449046,1.2342711639848434,0.0003387575968302252,leave_top_1_percent_out,,True,1879,True
T2_NUMERIC,methods_presence,0.10181283929641306,0.05577586128182081,1.1071762324523535,0.9925222584497353,1.2350747797052741,0.06794181911569447,leave_top_1_percent_out,,True,1879,True
T2_NUMERIC,section_count,-0.0744072779171095,0.01772275498112085,0.9282935433795343,0.8966019795818916,0.9611052867427057,2.6880326359935848e-05,leave_top_1_percent_out,,True,1879,True
T2_NUMERIC,average_paragraph_length,0.006209772520228554,0.018705761051598064,1.0062290931290967,0.9700061711988117,1.0438046869414026,0.7399110634710229,leave_top_1_percent_out,,True,1879,True
T2_NUMERIC,figure_density_per_10k,0.0450747695546938,0.07302340808237008,1.0461060738699748,0.9066049501948111,1.2070725154903488,0.5370601691661747,leave_top_1_percent_out,,True,1879,True
T2_NUMERIC,formula_density_per_10k,-0.02327899165103878,0.011236678174945737,0.9769898737291624,0.9557083590954718,0.9987452806970504,0.038293714059417686,leave_top_1_percent_out,,True,1879,True
T2_NUMERIC,suspected_word_split_rate,-0.006245799584828402,0.016066066132808372,0.993773664876607,0.9629683723306142,1.0255644166298918,0.6974557323389927,leave_top_1_percent_out,,True,1879,True
T2_NUMERIC,reference_like_rate,0.004251542016379675,0.017124740676450294,1.0042605926429657,0.97111310646946,1.0385395184317983,0.8039262929153359,leave_top_1_percent_out,,True,1879,True
T3_CLAIM,results_presence,0.7666213810645014,0.07623590518185144,2.1524815396897403,1.8537335723428259,2.499375772134025,8.651859839062898e-24,winsorized_1_99,,True,1898,True
T3_CLAIM,discussion_presence,0.4073041480900047,0.08026367254741973,1.5027610980794563,1.2840128854699462,1.7587758997250587,3.883599288027047e-07,winsorized_1_99,,True,1898,True
T3_CLAIM,conclusion_presence,-0.027106290402077692,0.05692582204115433,0.9732577880647606,0.8705075458582061,1.0881361414218018,0.6339542499832727,winsorized_1_99,,True,1898,True
T3_CLAIM,methods_presence,0.3082025243740429,0.08458733382733362,1.360976591960417,1.1530543712705192,1.606391970764778,0.00026884971061051877,winsorized_1_99,,True,1898,True
T3_CLAIM,section_count,-0.45693643940983314,0.025460653931258147,0.6332205866578914,0.6023971074981144,0.6656212428254715,5.08660393063404e-72,winsorized_1_99,,True,1898,True
T3_CLAIM,average_paragraph_length,-0.18604064112899624,0.0288692517794724,0.8302398524113296,0.7845669771393373,0.8785715338737339,1.1617437443551468e-10,winsorized_1_99,,True,1898,True
T3_CLAIM,figure_density_per_10k,0.13452974075375726,0.02614805892138861,1.1439986818795562,1.086846612147613,1.2041561058520491,2.676310519496443e-07,winsorized_1_99,,True,1898,True
T3_CLAIM,formula_density_per_10k,-0.0421497339680782,0.027525011754756582,0.9587262159438882,0.9083752038065754,1.0118681721895693,0.1256891316438743,winsorized_1_99,,False,1898,True
T3_CLAIM,suspected_word_split_rate,0.09764389650551754,0.02500309930046176,1.1025700861313354,1.0498409981556331,1.1579475339287952,9.411957165274124e-05,winsorized_1_99,,True,1898,True
T3_CLAIM,reference_like_rate,-0.09090522935210213,0.025875131762072207,0.9131042422795227,0.8679514008434295,0.9606060390693048,0.0004426979374526562,winsorized_1_99,,True,1898,True
T3_CLAIM,results_presence,0.7134481712614141,0.07535940928348352,2.0410169147222845,1.7607616007857056,2.365879653624652,2.8724202374898467e-21,leave_top_1_percent_out,,True,1879,True
T3_CLAIM,discussion_presence,0.3833719507429883,0.07948030277247524,1.4672236635195002,1.2555747298514872,1.7145497019091935,1.4107224866048708e-06,leave_top_1_percent_out,,True,1879,True
T3_CLAIM,conclusion_presence,-0.04628147088804352,0.0567108137617458,0.9547731835099594,0.8543343738189744,1.0670199630091213,0.414445205098093,leave_top_1_percent_out,,True,1879,True
T3_CLAIM,methods_presence,0.34272597462583404,0.08333555621594976,1.4087826668315433,1.196488821684763,1.6587439568139088,3.912245349394446e-05,leave_top_1_percent_out,,True,1879,True
T3_CLAIM,section_count,-0.48842104440043893,0.02795747190808594,0.6135944681317169,0.5808767479356174,0.648155004757695,2.418858417348912e-68,leave_top_1_percent_out,,True,1879,True
T3_CLAIM,average_paragraph_length,-0.1975020153756312,0.027471402814033284,0.8207784864490977,0.7777540191956412,0.8661830182689296,6.509207010519501e-13,leave_top_1_percent_out,,True,1879,True
T3_CLAIM,figure_density_per_10k,0.12880016297187757,0.04446668106550606,1.1374627942676163,1.042526474499221,1.241044366728991,0.0037728516199565954,leave_top_1_percent_out,,True,1879,True
T3_CLAIM,formula_density_per_10k,0.02076366413029429,0.018363073200683627,1.0209807287535424,0.9848880510863942,1.0583960759157134,0.2581690629400266,leave_top_1_percent_out,,True,1879,True
T3_CLAIM,suspected_word_split_rate,0.08697467301950605,0.026286375364241832,1.0908690509492278,1.0360903226079445,1.1485439641242183,0.0009371820623735296,leave_top_1_percent_out,,True,1879,True
T3_CLAIM,reference_like_rate,-0.08526582900212237,0.025684641253167724,0.9182681496479443,0.8731859009832016,0.9656779772880019,0.0009010762729734875,leave_top_1_percent_out,,True,1879,True
