task,predictor,estimate,ci_lower,ci_upper,model_type
T1a_ACRONYM,results_presence,1.108669032824619,0.9897198686899747,1.241914063997942,Negative Binomial IRR
T1a_ACRONYM,discussion_presence,1.1977763049305592,1.0616735463266227,1.3513269513185457,Negative Binomial IRR
T1a_ACRONYM,conclusion_presence,1.0304727093466663,0.9470375611760337,1.1212585944211348,Negative Binomial IRR
T1a_ACRONYM,methods_presence,1.0754578487910997,0.9519066740560335,1.2150451468084746,Negative Binomial IRR
T1a_ACRONYM,section_count,0.9694788924529094,0.9297482712789489,1.010907308941614,Negative Binomial IRR
T1a_ACRONYM,average_paragraph_length,0.9594191815917814,0.9215679509896098,0.9988250622407134,Negative Binomial IRR
T1a_ACRONYM,figure_density_per_10k,1.1428920317726279,1.0667370946862826,1.2244837109311428,Negative Binomial IRR
T1a_ACRONYM,formula_density_per_10k,1.0073319023518417,0.9803089581230358,1.0350997541006108,Negative Binomial IRR
T1a_ACRONYM,suspected_word_split_rate,1.0491166694825294,1.009074339320773,1.0907479690019468,Negative Binomial IRR
T1a_ACRONYM,reference_like_rate,0.9623975391144759,0.9274082459192353,0.9987069096798384,Negative Binomial IRR
T1b_EXPLICIT_DEFINITION,results_presence,0.8539902956447886,0.6578220197572471,1.108657665981755,Negative Binomial IRR
T1b_EXPLICIT_DEFINITION,discussion_presence,1.094860351575343,0.833056174822666,1.4389416052367143,Negative Binomial IRR
T1b_EXPLICIT_DEFINITION,conclusion_presence,1.300369415391391,1.0387851190115516,1.6278252215379916,Negative Binomial IRR
T1b_EXPLICIT_DEFINITION,methods_presence,0.8232234035791384,0.6265161090464525,1.0816908973527666,Negative Binomial IRR
T1b_EXPLICIT_DEFINITION,section_count,0.9771290589097076,0.8933628723075714,1.068749583581367,Negative Binomial IRR
T1b_EXPLICIT_DEFINITION,average_paragraph_length,0.7848573623129054,0.7075900709080128,0.8705620733008445,Negative Binomial IRR
T1b_EXPLICIT_DEFINITION,figure_density_per_10k,1.1396822540575176,0.9806734978868161,1.3244730718353042,Negative Binomial IRR
T1b_EXPLICIT_DEFINITION,formula_density_per_10k,1.0857545922143503,0.9837823762432727,1.1982965572286663,Negative Binomial IRR
T1b_EXPLICIT_DEFINITION,suspected_word_split_rate,1.0771064593989088,0.977164212728129,1.1872705833544865,Negative Binomial IRR
T1b_EXPLICIT_DEFINITION,reference_like_rate,0.8064005642188338,0.7312016991845293,0.889333094681917,Negative Binomial IRR
T2_NUMERIC,results_presence,1.1762184899986976,1.0568983989757557,1.3090093972661534,Negative Binomial IRR
T2_NUMERIC,discussion_presence,1.0670406912588457,0.9540112607562394,1.1934616326222527,Negative Binomial IRR
T2_NUMERIC,conclusion_presence,1.145494513572059,1.0627377269819662,1.2346956801374138,Negative Binomial IRR
T2_NUMERIC,methods_presence,1.0805323727079026,0.9672439920167308,1.207089646569316,Negative Binomial IRR
T2_NUMERIC,section_count,0.9664269148309094,0.9369829287589064,0.9967961560908128,Negative Binomial IRR
T2_NUMERIC,average_paragraph_length,1.0124350457361675,0.9754062811004924,1.050869511193143,Negative Binomial IRR
T2_NUMERIC,figure_density_per_10k,1.017355255221554,0.8456198015692251,1.2239681632410115,Negative Binomial IRR
T2_NUMERIC,formula_density_per_10k,0.975344041032349,0.9541873323489863,0.996969846618529,Negative Binomial IRR
T2_NUMERIC,suspected_word_split_rate,0.9907090349478381,0.9600936984439719,1.0223006291136014,Negative Binomial IRR
T2_NUMERIC,reference_like_rate,1.0080435323018864,0.974371337123152,1.0428793667267242,Negative Binomial IRR
T3_CLAIM,results_presence,2.067196252704606,1.7797646226891284,2.4010480333850213,Negative Binomial IRR
T3_CLAIM,discussion_presence,1.5366742180276436,1.312939149593026,1.798535486646755,Negative Binomial IRR
T3_CLAIM,conclusion_presence,0.9702844932910453,0.867586486967782,1.0851390749658156,Negative Binomial IRR
T3_CLAIM,methods_presence,1.3673464796669823,1.160380582781397,1.6112268881440843,Negative Binomial IRR
T3_CLAIM,section_count,0.6047573372216283,0.5724308463466721,0.6389093796351817,Negative Binomial IRR
T3_CLAIM,average_paragraph_length,0.8299641569799989,0.7855250752348097,0.8769172666647359,Negative Binomial IRR
T3_CLAIM,figure_density_per_10k,1.1320807431333122,1.035643156602167,1.2374984576522337,Negative Binomial IRR
T3_CLAIM,formula_density_per_10k,1.0179087458487412,0.9823435150427374,1.0547615971489153,Negative Binomial IRR
T3_CLAIM,suspected_word_split_rate,1.0887450018587765,1.0331921794549639,1.147284796230048,Negative Binomial IRR
T3_CLAIM,reference_like_rate,0.9090577737792732,0.8641975457174267,0.9562466824439907,Negative Binomial IRR
T1b_EXPLICIT_DEFINITION,results_presence,0.9690427618601399,0.6935156500103106,1.3540341509230065,Logistic OR
T1b_EXPLICIT_DEFINITION,discussion_presence,1.0659856749986807,0.7501795601663683,1.5147379636021923,Logistic OR
T1b_EXPLICIT_DEFINITION,conclusion_presence,1.2000307284061913,0.9348858791038076,1.540373837392394,Logistic OR
T1b_EXPLICIT_DEFINITION,methods_presence,0.9296888170478003,0.654448325862142,1.320686847819679,Logistic OR
T1b_EXPLICIT_DEFINITION,section_count,1.2168018610168054,1.0917107583893104,1.3562262326318197,Logistic OR
T1b_EXPLICIT_DEFINITION,average_paragraph_length,0.9811549044005238,0.8708160764653987,1.1054744766961726,Logistic OR
T1b_EXPLICIT_DEFINITION,figure_density_per_10k,0.9060917192508411,0.6352228881234636,1.2924631952735508,Logistic OR
T1b_EXPLICIT_DEFINITION,formula_density_per_10k,1.687208971543507,1.3826285866975372,2.0588856190629556,Logistic OR
T1b_EXPLICIT_DEFINITION,suspected_word_split_rate,1.0626961126316818,0.9579722432037716,1.1788682144126261,Logistic OR
T1b_EXPLICIT_DEFINITION,reference_like_rate,0.8650207402239002,0.7727754384235355,0.9682772559955566,Logistic OR
T3_CLAIM,results_presence,1.9253143272340425,1.3271381544345557,2.793104279510386,Logistic OR
T3_CLAIM,discussion_presence,3.1095537490372216,2.106722747262719,4.58974705177265,Logistic OR
T3_CLAIM,conclusion_presence,3.81834403241431,2.844729089854082,5.1251808834358386,Logistic OR
T3_CLAIM,methods_presence,1.6708700899804438,1.1406524824351003,2.4475525197921986,Logistic OR
T3_CLAIM,section_count,0.730280534392236,0.6343704954612844,0.8406911461486114,Logistic OR
T3_CLAIM,average_paragraph_length,0.9989921268421186,0.8527841515180852,1.170267139364603,Logistic OR
T3_CLAIM,figure_density_per_10k,0.7705578613294485,0.4783568172395958,1.241247947678387,Logistic OR
T3_CLAIM,formula_density_per_10k,1.0384412607145306,0.8576480441383776,1.2573459000162954,Logistic OR
T3_CLAIM,suspected_word_split_rate,1.0085796660113564,0.8865837480691144,1.1473624966699478,Logistic OR
T3_CLAIM,reference_like_rate,1.0178379465562644,0.8813140954956,1.1755106275331837,Logistic OR
