row_type,metric,view_a,view_b,estimate,ci_low,ci_high,raw_p,holm_p,significant_0_05,bootstrap_replicates
view_estimate,ces@5,B1,,0.6888544891640866,0.663312693498452,0.7143962848297214,,,,10000
view_estimate,ces@5,B2,,0.5820433436532507,0.5557275541795665,0.6091331269349846,,,,10000
view_estimate,ces@5,B3,,0.6222910216718266,0.5959752321981424,0.6493808049535603,,,,10000
view_estimate,budget_ces@1024,B1,,0.39473684210526316,0.3684210526315789,0.4218266253869969,,,,10000
view_estimate,budget_ces@1024,B2,,0.6501547987616099,0.6238390092879257,0.6764705882352942,,,,10000
view_estimate,budget_ces@1024,B3,,0.5340557275541795,0.5069659442724458,0.5611455108359134,,,,10000
pairwise_difference,ces@5,B2,B1,-0.10681114551083591,-0.13622291021671828,-0.07739938080495357,0.00019998000199980003,0.0011998800119988001,True,10000
pairwise_difference,ces@5,B3,B1,-0.06656346749226007,-0.09442724458204332,-0.03792569659442724,0.00019998000199980003,0.0011998800119988001,True,10000
pairwise_difference,ces@5,B3,B2,0.04024767801857585,0.01934984520123839,0.06114551083591335,0.00039996000399960006,0.0011998800119988001,True,10000
pairwise_difference,budget_ces@1024,B2,B1,0.25541795665634676,0.22523219814241485,0.2848297213622291,0.00019998000199980003,0.0011998800119988001,True,10000
pairwise_difference,budget_ces@1024,B3,B1,0.1393188854489164,0.10913312693498456,0.16950464396284826,0.00019998000199980003,0.0011998800119988001,True,10000
pairwise_difference,budget_ces@1024,B3,B2,-0.11609907120743033,-0.13931888544891635,-0.09285990712074328,0.00019998000199980003,0.0011998800119988001,True,10000
