task,model,research_dimension,N_small,N_large,score_small,score_large,difference_large_minus_small,ci95_low,ci95_high,one_sided_ucb95,delta,equivalent,source
T1a_ACRONYM,Phi-4-mini-instruct,cross_family_directional_replication_frozen,1000,2000,0.9322222222222224,0.9333333333333332,0.001111111111111,-0.0088888888888888,0.0111111111111111,,0.02,,frozen_Phi_C5_directional_result_no_new_equivalence_test
T1a_ACRONYM,Qwen2.5-3B-Instruct,within_family_parameter_scale,1000,2000,0.9388888888888888,0.9488888888888888,0.01,0.0011111111111111,0.0188888888888888,0.0177777777777777,0.02,True,frozen_C2_C3
T1a_ACRONYM,Qwen2.5-7B-Instruct,within_family_parameter_scale,1000,2000,0.9500000000000001,0.96,0.010000000000000009,0.0022222222222221997,0.020000000000000018,0.01777777777777782,0.02,True,qwen7b_key_interval_v1
T2_NUMERIC,Phi-4-mini-instruct,cross_family_directional_replication_frozen,3000,3678,0.99,0.9933333333333332,0.0033333333333332,0.0,0.0077777777777777,,0.02,,frozen_Phi_C5_directional_result_no_new_equivalence_test
T2_NUMERIC,Qwen2.5-3B-Instruct,within_family_parameter_scale,3000,3678,0.9888888888888888,0.9877777777777778,-0.001111111111111,-0.0088888888888888,0.0066666666666666,0.0055555555555555,0.02,True,frozen_C2_C3
T2_NUMERIC,Qwen2.5-7B-Instruct,within_family_parameter_scale,3000,3678,0.9888888888888889,0.9899999999999999,0.0011111111111110998,-0.010000000000000045,0.01222222222222217,0.010000000000000009,0.02,True,qwen7b_key_interval_v1
T3_CLAIM,Phi-4-mini-instruct,cross_family_directional_replication_frozen,2000,2286,0.926052332195677,0.9203640500568828,-0.0056882821387941,-0.0318543799772468,0.0159271899886234,,0.02,,frozen_Phi_C5_directional_result_no_new_equivalence_test
T3_CLAIM,Qwen2.5-3B-Instruct,within_family_parameter_scale,2000,2286,0.8043230944254836,0.9101251422070537,0.10580204778157,0.0409556313993174,0.1672354948805461,0.1592718998862343,0.02,False,frozen_C2_C3
T3_CLAIM,Qwen2.5-7B-Instruct,within_family_parameter_scale,2000,2286,0.8714448236632536,0.9078498293515359,0.03640500568828212,-0.0034129692832764644,0.08418657565415244,0.07622298065984072,0.02,False,qwen7b_key_interval_v1
