EM,NEM,case_insensitive_normalized_em,generation_hit_max_new_tokens_count,instances,long_form_containment_rate,scale,seed,target_containment_rate,task,template_id,model,runtime_seconds,training_tokens,optimizer_steps,final_loss,peak_gpu_memory_bytes,evaluation_peak_gpu_memory_bytes,adapter_sha256,train_instance_ids_sha256,eval_instance_ids_sha256,numeric_value_containment_rate,operator_preservation_accuracy,operator_preservation_instances,unit_preservation_accuracy,unit_preservation_instances,claim_containment_rate,condition_preservation_accuracy,condition_preservation_instances,negation_preservation_accuracy,negation_preservation_instances,token_f1,token_precision,token_recall,uncertainty_preservation_accuracy,uncertainty_preservation_instances
0.9433333333333334,0.9433333333333334,0.9433333333333334,0,300,0.97,1000,42,0.97,T1a_ACRONYM,TEMPLATE_0_PRIMARY,Qwen2.5-7B-Instruct,886.3150845000055,1033038,375,6.600591586902738e-05,17650504704,16205005312,00e67978d7b71cc8e73dfafe55a6db497c6c70df4c20686972d26c45592b8ff1,eb0b94e4518785c3b46de298d479e0c9788fe3cb06f88e3f1c457120ef78f56d,835e08549f2a3d9c914985f775291547718bef985541b3865ea0246c1f231157,,,,,,,,,,,,,,,
0.95,0.95,0.95,0,300,0.97,1000,271828,0.97,T1a_ACRONYM,TEMPLATE_0_PRIMARY,Qwen2.5-7B-Instruct,880.8526366999722,1033038,375,0.00016907049575820565,17650427904,16205005312,d88d997b4d79fb196a21340806d191ba8267dfed34c961fc900e7b3773368f62,eb0b94e4518785c3b46de298d479e0c9788fe3cb06f88e3f1c457120ef78f56d,835e08549f2a3d9c914985f775291547718bef985541b3865ea0246c1f231157,,,,,,,,,,,,,,,
0.9566666666666667,0.9566666666666667,0.9566666666666667,0,300,0.97,1000,314159,0.97,T1a_ACRONYM,TEMPLATE_0_PRIMARY,Qwen2.5-7B-Instruct,903.373088399996,1033038,375,0.0006749681197106838,17650870272,16205005312,643a87d838b751d72ef621825ece883cf5b1251bcaa4301bc611da11b3e2f6c1,eb0b94e4518785c3b46de298d479e0c9788fe3cb06f88e3f1c457120ef78f56d,835e08549f2a3d9c914985f775291547718bef985541b3865ea0246c1f231157,,,,,,,,,,,,,,,
0.9566666666666667,0.9566666666666667,0.96,0,300,0.9766666666666667,2000,42,0.9766666666666667,T1a_ACRONYM,TEMPLATE_0_PRIMARY,Qwen2.5-7B-Instruct,1753.868275100016,2041488,750,3.355569424456917e-05,17650427904,16205005312,8ad4676f78d351440a7eccb07c676abd4d6f32778d876484b0161467a3aec6e1,1ebfc5eb588c7e21fbe0b1a663f30aa318c4a50372a535032291cecac1c41e7b,835e08549f2a3d9c914985f775291547718bef985541b3865ea0246c1f231157,,,,,,,,,,,,,,,
0.96,0.96,0.96,0,300,0.98,2000,271828,0.98,T1a_ACRONYM,TEMPLATE_0_PRIMARY,Qwen2.5-7B-Instruct,1848.300399700005,2041488,750,0.0003871987573802471,17651130368,16205005312,f506e3175b86706ab24156eaba588d4d887245da031ae9aaa318ab9cd73658d7,1ebfc5eb588c7e21fbe0b1a663f30aa318c4a50372a535032291cecac1c41e7b,835e08549f2a3d9c914985f775291547718bef985541b3865ea0246c1f231157,,,,,,,,,,,,,,,
0.9633333333333334,0.9633333333333334,0.9633333333333334,0,300,0.9833333333333333,2000,314159,0.9833333333333333,T1a_ACRONYM,TEMPLATE_0_PRIMARY,Qwen2.5-7B-Instruct,1783.6741067999974,2041488,750,0.00024689926067367196,17651237888,16205005312,1ada084d56b0a22fff9c825f13394e8f5ae02e433dac65b90df716e46c70fddb,1ebfc5eb588c7e21fbe0b1a663f30aa318c4a50372a535032291cecac1c41e7b,835e08549f2a3d9c914985f775291547718bef985541b3865ea0246c1f231157,,,,,,,,,,,,,,,
0.9966666666666667,0.9966666666666667,,0,300,,3000,42,1.0,T2_NUMERIC,TEMPLATE_0_PRIMARY,Qwen2.5-7B-Instruct,2464.5554603000055,2735670,1125,1.8258446289109997e-05,17673603072,16213990912,e6d3589b27d259265cf51d2c6e8a54493f36f78a3f4580f6c6ae54b454204666,d33748e98ccd512e594ba617bf27ab75a452347bddbc73162e17110727c71d52,6bb607658b764ecf904b975e467a7bf6f2132f56f1cb50ed71c8b0581fbe50a7,1.0,1.0,4.0,0.9966216216216216,296.0,,,,,,,,,,
0.9833333333333333,0.9833333333333333,,0,300,,3000,271828,0.99,T2_NUMERIC,TEMPLATE_0_PRIMARY,Qwen2.5-7B-Instruct,10331.759322699974,2735670,1125,1.8954044207930565e-05,17673603072,16213990912,f2285f8943274f71103ebaaf118141d8be84e11fae4531b45d790ab5d7c0c7f2,d33748e98ccd512e594ba617bf27ab75a452347bddbc73162e17110727c71d52,6bb607658b764ecf904b975e467a7bf6f2132f56f1cb50ed71c8b0581fbe50a7,1.0,1.0,4.0,0.9831081081081081,296.0,,,,,,,,,,
0.9866666666666667,0.9866666666666667,,0,300,,3000,314159,0.9933333333333333,T2_NUMERIC,TEMPLATE_0_PRIMARY,Qwen2.5-7B-Instruct,2738.119989699975,2735670,1125,9.41748294280842e-06,17673603072,16213990912,93f3dc041437177ca6d950928028f061536d8585c880df2fc93bf33bab504884,d33748e98ccd512e594ba617bf27ab75a452347bddbc73162e17110727c71d52,6bb607658b764ecf904b975e467a7bf6f2132f56f1cb50ed71c8b0581fbe50a7,1.0,1.0,4.0,0.9864864864864865,296.0,,,,,,,,,,
0.9866666666666667,0.9866666666666667,,0,300,,3678,42,0.9933333333333333,T2_NUMERIC,TEMPLATE_0_PRIMARY,Qwen2.5-7B-Instruct,3468.1665729000233,3353784,1380,1.1801588698290288e-05,17673603072,16213990912,5dd31672e099180fc8d5288da40f3b119b126dea8cbaa14df7f6ed2cf7f16654,3bff3edf72d8d853d38807020f3355e68c51d6ab7ef705abf2da9c9260e94c04,6bb607658b764ecf904b975e467a7bf6f2132f56f1cb50ed71c8b0581fbe50a7,0.9966666666666667,1.0,4.0,0.9898648648648649,296.0,,,,,,,,,,
0.9933333333333333,0.9933333333333333,,0,300,,3678,271828,0.9966666666666667,T2_NUMERIC,TEMPLATE_0_PRIMARY,Qwen2.5-7B-Instruct,2988.1599180999997,3353784,1380,2.226188371423632e-05,17674257408,16213073408,0b22d91ce6e916c08cc10f8078490187e090dc04efcd09dec960687fd3c3c972,3bff3edf72d8d853d38807020f3355e68c51d6ab7ef705abf2da9c9260e94c04,6bb607658b764ecf904b975e467a7bf6f2132f56f1cb50ed71c8b0581fbe50a7,1.0,1.0,4.0,0.9932432432432432,296.0,,,,,,,,,,
0.99,0.99,,0,300,,3678,314159,0.9966666666666667,T2_NUMERIC,TEMPLATE_0_PRIMARY,Qwen2.5-7B-Instruct,3041.7375519000343,3353784,1380,0.00011513987556099892,17673603072,16213990912,98ed428b8206f02a9bcad229b6ea50ff5058b02d1a007988843adf99c489fe51,3bff3edf72d8d853d38807020f3355e68c51d6ab7ef705abf2da9c9260e94c04,6bb607658b764ecf904b975e467a7bf6f2132f56f1cb50ed71c8b0581fbe50a7,1.0,1.0,4.0,0.9898648648648649,296.0,,,,,,,,,,
0.8156996587030717,0.8156996587030717,,3,293,,2000,42,0.825938566552901,T3_CLAIM,TEMPLATE_0_PRIMARY,Qwen2.5-7B-Instruct,6854.276493300001,3640149,750,0.040849559009075165,17891000832,16216734208,33b5e74e5595c9fe801f20db31118b8adee7d7d278a9b8644dc6673ca8921353,c685aa7d162df48c6a1ebd5db04ae700ecc53fbb54939f850a89bc6ee37f9b03,69260b3a2892ddde08e710dba780cd85090069d3f296da14252aa5d290f053da,,,,,,0.825938566552901,0.8282828282828283,99.0,0.9047619047619048,21.0,0.8639229437305964,0.8685259703963144,0.8695252342049269,0.8974358974358975,39.0
0.9112627986348123,0.9112627986348123,,1,293,,2000,271828,0.9146757679180887,T3_CLAIM,TEMPLATE_0_PRIMARY,Qwen2.5-7B-Instruct,10728.475492599999,3640149,750,0.00015799204993527383,17891000832,16216734208,9655207f60781dbba8a690cb467701f944aa4a7fe5a5e6de27153ffabf991dc5,c685aa7d162df48c6a1ebd5db04ae700ecc53fbb54939f850a89bc6ee37f9b03,69260b3a2892ddde08e710dba780cd85090069d3f296da14252aa5d290f053da,,,,,,0.9146757679180887,0.8787878787878788,99.0,0.9047619047619048,21.0,0.9373485037627144,0.9445487123146384,0.9369881091480974,0.9743589743589743,39.0
0.8873720136518771,0.8873720136518771,,2,293,,2000,314159,0.89419795221843,T3_CLAIM,TEMPLATE_0_PRIMARY,Qwen2.5-7B-Instruct,6431.440307600002,3640149,750,0.025502609089016914,17891000832,16216734208,c1945bad84db0302d546f4b1788b4d4eb6140b5077d96886e01e86f194d8068e,c685aa7d162df48c6a1ebd5db04ae700ecc53fbb54939f850a89bc6ee37f9b03,69260b3a2892ddde08e710dba780cd85090069d3f296da14252aa5d290f053da,,,,,,0.89419795221843,0.8787878787878788,99.0,0.9047619047619048,21.0,0.9186421297721381,0.9227008561435708,0.9242507428268562,1.0,39.0
0.9010238907849829,0.9010238907849829,,2,293,,2286,42,0.9078498293515358,T3_CLAIM,TEMPLATE_0_PRIMARY,Qwen2.5-7B-Instruct,4684.2138356,4182126,858,0.0005967476754449308,17891000832,16216734208,2ce250fff865e172b2c902db3d210103795f5b273c0d562e43c7ee95fd85fd6c,a9390c816c5315402c6e74ffde4c94b4492345d95ef714d7c54cdb329241c037,69260b3a2892ddde08e710dba780cd85090069d3f296da14252aa5d290f053da,,,,,,0.9078498293515358,0.8686868686868687,99.0,0.9047619047619048,21.0,0.9362430774143065,0.9404827898013575,0.9376513247385788,0.9743589743589743,39.0
0.9112627986348123,0.9112627986348123,,1,293,,2286,271828,0.9112627986348123,T3_CLAIM,TEMPLATE_0_PRIMARY,Qwen2.5-7B-Instruct,10663.696076799999,4182126,858,0.017122259363532066,17891000832,16216734208,9ebbe9d17e0ab08323af317bef419ed23e648aa4190de9e97af99d51059615c0,a9390c816c5315402c6e74ffde4c94b4492345d95ef714d7c54cdb329241c037,69260b3a2892ddde08e710dba780cd85090069d3f296da14252aa5d290f053da,,,,,,0.9112627986348123,0.8888888888888888,99.0,0.9047619047619048,21.0,0.9356548194032563,0.93907961982268,0.9368224409928304,0.9487179487179487,39.0
0.9112627986348123,0.9112627986348123,,1,293,,2286,314159,0.9180887372013652,T3_CLAIM,TEMPLATE_0_PRIMARY,Qwen2.5-7B-Instruct,6651.908697700004,4182126,858,0.007299683056771755,17891828224,16216734208,93dc1d70721a4dacddbfcac7da570cfb4c00dc78bc6e76a78eeec16bd7dee6cd,a9390c816c5315402c6e74ffde4c94b4492345d95ef714d7c54cdb329241c037,69260b3a2892ddde08e710dba780cd85090069d3f296da14252aa5d290f053da,,,,,,0.9180887372013652,0.898989898989899,99.0,0.9047619047619048,21.0,0.9444030850270431,0.9500588590506973,0.9452998253429895,0.9743589743589743,39.0
