bootstrap_replicates,bootstrap_seed,ci_width_ratio_cluster_over_question,conclusion_changed,effect_sign,estimate,estimate_change_from_full,full_1292_estimate,metric,n_papers,n_questions,paper_cluster_ci_high,paper_cluster_ci_low,paper_cluster_ci_width,question_ci_high,question_ci_low,question_ci_width,row_type,subset,view_a,view_b
10000,20260918,,,positive,0.6888544891640866,0,0.6888544891640866,CES@5,406,1292,0.7165301373603542,0.6604057758687666,0.056124361491587615,,,,view_estimate,FULL_1292,B1,
10000,20260918,,,positive,0.5820433436532507,0,0.5820433436532507,CES@5,406,1292,0.6099071207430341,0.5540856031128405,0.05582151763019361,,,,view_estimate,FULL_1292,B2,
10000,20260918,,,positive,0.6222910216718266,0,0.6222910216718266,CES@5,406,1292,0.6496528358632326,0.5949464012251149,0.05470643463811775,,,,view_estimate,FULL_1292,B3,
10000,20260918,,,positive,0.10681114551083591,0,0.10681114551083591,CES@5,406,1292,0.1377437914175069,0.0760861380303824,0.06165765338712449,,,,pairwise_difference,FULL_1292,B1,B2
10000,20260918,,,positive,0.06656346749226007,0,0.06656346749226007,CES@5,406,1292,0.09562670186139179,0.03739699418484605,0.058229707676545735,,,,pairwise_difference,FULL_1292,B1,B3
10000,20260918,,,negative,-0.04024767801857585,0,-0.04024767801857585,CES@5,406,1292,-0.019304947645704847,-0.06167488010929575,0.0423699324635909,,,,pairwise_difference,FULL_1292,B2,B3
10000,20260918,,,positive,0.21749226006191952,0,0.21749226006191952,BudgetCES@512,406,1292,0.24101014688297467,0.19485552601613093,0.04615462086684374,,,,view_estimate,FULL_1292,B1,
10000,20260918,,,positive,0.5023219814241486,0,0.5023219814241486,BudgetCES@512,406,1292,0.5318495778971604,0.47352018765468584,0.05832939024247452,,,,view_estimate,FULL_1292,B2,
10000,20260918,,,positive,0.3893188854489164,0,0.3893188854489164,BudgetCES@512,406,1292,0.418982573375262,0.35875442947732916,0.06022814389793285,,,,view_estimate,FULL_1292,B3,
10000,20260918,,,negative,-0.2848297213622291,0,-0.2848297213622291,BudgetCES@512,406,1292,-0.2534243976968009,-0.31594958496219006,0.06252518726538914,,,,pairwise_difference,FULL_1292,B1,B2
10000,20260918,,,negative,-0.17182662538699692,0,-0.17182662538699692,BudgetCES@512,406,1292,-0.14087759815242495,-0.2024634334103156,0.06158583525789066,,,,pairwise_difference,FULL_1292,B1,B3
10000,20260918,,,positive,0.1130030959752322,0,0.1130030959752322,BudgetCES@512,406,1292,0.13801316555479562,0.08839779005524862,0.049615375499547004,,,,pairwise_difference,FULL_1292,B2,B3
10000,20260918,,,positive,0.39473684210526316,0,0.39473684210526316,BudgetCES@1024,406,1292,0.42588379757121575,0.3632882013844409,0.06259559618677485,,,,view_estimate,FULL_1292,B1,
10000,20260918,,,positive,0.6501547987616099,0,0.6501547987616099,BudgetCES@1024,406,1292,0.6771473972335195,0.6225055849895993,0.054641812243920174,,,,view_estimate,FULL_1292,B2,
10000,20260918,,,positive,0.5340557275541795,0,0.5340557275541795,BudgetCES@1024,406,1292,0.5641421947449768,0.5040384470302993,0.060103747714677525,,,,view_estimate,FULL_1292,B3,
10000,20260918,,,negative,-0.25541795665634676,0,-0.25541795665634676,BudgetCES@1024,406,1292,-0.22371537080757972,-0.2870003082881949,0.06328493748061517,,,,pairwise_difference,FULL_1292,B1,B2
10000,20260918,,,negative,-0.1393188854489164,0,-0.1393188854489164,BudgetCES@1024,406,1292,-0.1098812026384029,-0.1696225484897221,0.05974134585131921,,,,pairwise_difference,FULL_1292,B1,B3
10000,20260918,,,positive,0.11609907120743033,0,0.11609907120743033,BudgetCES@1024,406,1292,0.14031143028549245,0.09176416621694553,0.048547264068546925,,,,pairwise_difference,FULL_1292,B2,B3
10000,20260918,,,positive,0.6075851393188855,0,0.6075851393188855,BudgetCES@2048,406,1292,0.6380152349378821,0.5771380746515604,0.06087716028632173,,,,view_estimate,FULL_1292,B1,
10000,20260918,,,positive,0.8003095975232198,0,0.8003095975232198,BudgetCES@2048,406,1292,0.823890105733269,0.7761304589841821,0.04775964674908695,,,,view_estimate,FULL_1292,B2,
10000,20260918,,,positive,0.684984520123839,0,0.684984520123839,BudgetCES@2048,406,1292,0.7124332570556827,0.6572315866344749,0.05520167042120783,,,,view_estimate,FULL_1292,B3,
10000,20260918,,,negative,-0.19272445820433437,0,-0.19272445820433437,BudgetCES@2048,406,1292,-0.16398309668695066,-0.22119986812854217,0.05721677144159151,,,,pairwise_difference,FULL_1292,B1,B2
10000,20260918,,,negative,-0.07739938080495357,0,-0.07739938080495357,BudgetCES@2048,406,1292,-0.04846491368768446,-0.10674293662048656,0.0582780229328021,,,,pairwise_difference,FULL_1292,B1,B3
10000,20260918,,,positive,0.1153250773993808,0,0.1153250773993808,BudgetCES@2048,406,1292,0.1386061080657791,0.0920841970665127,0.046521910999266405,,,,pairwise_difference,FULL_1292,B2,B3
10000,20260919,,,positive,0.6967953985209532,0.007940909356866532,0.6888544891640866,CES@5,402,1217,0.7247712108575328,0.6683085015615441,0.05646270929598873,,,,view_estimate,COMPLETE_MAPPING_ONLY,B1,
10000,20260919,,,positive,0.5957271980279375,0.013683854374686777,0.5820433436532507,CES@5,402,1217,0.6242975758587713,0.5668234263681202,0.057474149490651105,,,,view_estimate,COMPLETE_MAPPING_ONLY,B2,
10000,20260919,,,positive,0.6384552177485621,0.01616419607673547,0.6222910216718266,CES@5,402,1217,0.6661102529686798,0.61082910321489,0.05528114975378973,,,,view_estimate,COMPLETE_MAPPING_ONLY,B3,
10000,20260919,,,positive,0.10106820049301561,-0.0057429450178203,0.10681114551083591,CES@5,402,1217,0.13133984577804642,0.07017506784713262,0.061164777930913794,,,,pairwise_difference,COMPLETE_MAPPING_ONLY,B1,B2
10000,20260919,,,positive,0.05834018077239113,-0.008223286719868939,0.06656346749226007,CES@5,402,1217,0.08684442238845572,0.028925022691444147,0.05791939969701157,,,,pairwise_difference,COMPLETE_MAPPING_ONLY,B1,B3
10000,20260919,,,negative,-0.04272801972062449,-0.0024803417020486385,-0.04024767801857585,CES@5,402,1217,-0.020609633283579478,-0.06509878279423885,0.04448914951065937,,,,pairwise_difference,COMPLETE_MAPPING_ONLY,B2,B3
10000,20260919,,,positive,0.22432210353327856,0.006829843471359037,0.21749226006191952,BudgetCES@512,402,1217,0.24877280251043138,0.2,0.04877280251043137,,,,view_estimate,COMPLETE_MAPPING_ONLY,B1,
10000,20260919,,,positive,0.5135579293344289,0.011235947910280264,0.5023219814241486,BudgetCES@512,402,1217,0.5434795875048642,0.48330518604084777,0.06017440146401648,,,,view_estimate,COMPLETE_MAPPING_ONLY,B2,
10000,20260919,,,positive,0.4009860312243221,0.011667145775405674,0.3893188854489164,BudgetCES@512,402,1217,0.43126109036215843,0.3709677419354839,0.06029334842667455,,,,view_estimate,COMPLETE_MAPPING_ONLY,B3,
10000,20260919,,,negative,-0.28923582580115037,-0.0044061044389212545,-0.2848297213622291,BudgetCES@512,402,1217,-0.2576725034911421,-0.32128521943232474,0.06361271594118262,,,,pairwise_difference,COMPLETE_MAPPING_ONLY,B1,B2
10000,20260919,,,negative,-0.17666392769104355,-0.004837302304046637,-0.17182662538699692,BudgetCES@512,402,1217,-0.14553112753431274,-0.2082343626286619,0.06270323509434916,,,,pairwise_difference,COMPLETE_MAPPING_ONLY,B1,B3
10000,20260919,,,positive,0.11257189811010682,-0.0004311978651253823,0.1130030959752322,BudgetCES@512,402,1217,0.137987012987013,0.08699252665683246,0.05099448633018053,,,,pairwise_difference,COMPLETE_MAPPING_ONLY,B2,B3
10000,20260919,,,positive,0.40345110928512734,0.008714267179864177,0.39473684210526316,BudgetCES@1024,402,1217,0.43659711075441415,0.3710587447221486,0.06553836603226554,,,,view_estimate,COMPLETE_MAPPING_ONLY,B1,
10000,20260919,,,positive,0.6647493837304848,0.01459458496887489,0.6501547987616099,BudgetCES@1024,402,1217,0.6928631664397502,0.6367205192594846,0.056142647180265626,,,,view_estimate,COMPLETE_MAPPING_ONLY,B2,
10000,20260919,,,positive,0.5464256368118324,0.012369909257652911,0.5340557275541795,BudgetCES@1024,402,1217,0.5772438289437783,0.5162621024767016,0.06098172646707678,,,,view_estimate,COMPLETE_MAPPING_ONLY,B3,
10000,20260919,,,negative,-0.2612982744453574,-0.005880317789010658,-0.25541795665634676,BudgetCES@1024,402,1217,-0.2291639957264958,-0.29317343082403324,0.06400943509753745,,,,pairwise_difference,COMPLETE_MAPPING_ONLY,B1,B2
10000,20260919,,,negative,-0.142974527526705,-0.0036556420777885956,-0.1393188854489164,BudgetCES@1024,402,1217,-0.1120328557421211,-0.17355457702973562,0.06152172128761452,,,,pairwise_difference,COMPLETE_MAPPING_ONLY,B1,B3
10000,20260919,,,positive,0.11832374691865243,0.0022246757112220905,0.11609907120743033,BudgetCES@1024,402,1217,0.14297802138459884,0.09364214364760406,0.04933587773699477,,,,pairwise_difference,COMPLETE_MAPPING_ONLY,B2,B3
10000,20260919,,,positive,0.6154478225143796,0.007862683195494102,0.6075851393188855,BudgetCES@2048,402,1217,0.646716661215813,0.5853060707391065,0.061410590476706495,,,,view_estimate,COMPLETE_MAPPING_ONLY,B1,
10000,20260919,,,positive,0.8151191454396056,0.014809547916385779,0.8003095975232198,BudgetCES@2048,402,1217,0.8382473226960794,0.790853184760911,0.047394137935168335,,,,view_estimate,COMPLETE_MAPPING_ONLY,B2,
10000,20260919,,,positive,0.6984387838948234,0.013454263770984354,0.684984520123839,BudgetCES@2048,402,1217,0.725950067940625,0.6703991125198098,0.05555095542081523,,,,view_estimate,COMPLETE_MAPPING_ONLY,B3,
10000,20260919,,,negative,-0.19967132292522596,-0.0069468647208915935,-0.19272445820433437,BudgetCES@2048,402,1217,-0.1703285237300263,-0.2285471878472651,0.058218664117238805,,,,pairwise_difference,COMPLETE_MAPPING_ONLY,B1,B2
10000,20260919,,,negative,-0.08299096138044372,-0.005591580575490154,-0.07739938080495357,BudgetCES@2048,402,1217,-0.053030146117345744,-0.11342933118607613,0.06039918506873039,,,,pairwise_difference,COMPLETE_MAPPING_ONLY,B1,B3
10000,20260919,,,positive,0.11668036154478226,0.001355284145401453,0.1153250773993808,BudgetCES@2048,402,1217,0.1407775176410878,0.09246554511215538,0.048311972528932434,,,,pairwise_difference,COMPLETE_MAPPING_ONLY,B2,B3
