task,budget_type,budget_fraction,comparison,baseline_ranking_task,effect,relative_lift,CI_low,CI_high,relative_lift_CI_low,relative_lift_CI_high,p,holm_p,bootstrap_replicates,statistical_role
T1a_ACRONYM,paper,0.2,TASK_SPECIFIC-RANDOM,,0.07404835018823355,1.3701779460025159,0.05003300530014577,0.09582114985833529,1.2375964681032938,1.505460852322756,0.00019998000199980003,0.0011998800119988001,10000,primary
T1a_ACRONYM,token,0.2,TASK_SPECIFIC-RANDOM,,0.040469107551487415,1.2025425184676173,0.01800827396214567,0.06147593805311869,1.0854669998511899,1.3240937639623434,0.0007999200079992001,0.0015998400159984002,10000,primary
T2_NUMERIC,paper,0.2,TASK_SPECIFIC-RANDOM,,0.13269698210457861,1.6633447931348107,0.10875647564209863,0.1570576187418397,1.5137558789282455,1.8327265475085521,0.00019998000199980003,0.0011998800119988001,10000,primary
T2_NUMERIC,token,0.2,TASK_SPECIFIC-RANDOM,,0.01841838676268695,1.0923645961300774,-0.001361584021822305,0.03675695602071401,0.9934922248857005,1.1928432526735901,0.07179282071792821,0.07179282071792821,10000,primary
T3_CLAIM,paper,0.2,TASK_SPECIFIC-RANDOM,,0.14632714517922832,1.7292083585225329,0.11340464662674771,0.18052127194733672,1.5252487021610528,1.9788326268536742,0.00019998000199980003,0.0011998800119988001,10000,primary
T3_CLAIM,token,0.2,TASK_SPECIFIC-RANDOM,,0.21608897253828385,2.0784446334457094,0.1796004909143388,0.24929776041106272,1.8243915563980577,2.375850462116793,0.00019998000199980003,0.0011998800119988001,10000,primary
T1a_ACRONYM,paper,0.2,TASK_SPECIFIC-CROSS_TASK:T1b_EXPLICIT_DEFINITION,T1b_EXPLICIT_DEFINITION,0.03794197977411973,1.1606752110034386,0.01787377470393908,0.055067449562576046,1.0728266063667065,1.2437713521430207,,,10000,secondary_cross_task
T1a_ACRONYM,paper,0.2,TASK_SPECIFIC-CROSS_TASK:T2_NUMERIC,T2_NUMERIC,0.0,1.0,-0.012769169015342727,0.011868903640346751,0.9539644372706647,1.044208132528378,,,10000,secondary_cross_task
T1a_ACRONYM,paper,0.2,TASK_SPECIFIC-CROSS_TASK:T3_CLAIM,T3_CLAIM,0.06134199453753597,1.2883414295628035,0.040716341599621085,0.08148658026294943,1.1825086916444991,1.4028968478623323,,,10000,secondary_cross_task
T1a_ACRONYM,token,0.2,TASK_SPECIFIC-CROSS_TASK:T1b_EXPLICIT_DEFINITION,T1b_EXPLICIT_DEFINITION,0.026795600501956146,1.1255186721991701,0.005522239398991479,0.04410221652952911,1.0246493599758035,1.2159635995799358,,,10000,secondary_cross_task
T1a_ACRONYM,token,0.2,TASK_SPECIFIC-CROSS_TASK:T2_NUMERIC,T2_NUMERIC,0.04067321178120617,1.2037721893491125,0.0183937509425053,0.05988578250974847,1.0873873614689915,1.3115877314491327,,,10000,secondary_cross_task
T1a_ACRONYM,token,0.2,TASK_SPECIFIC-CROSS_TASK:T3_CLAIM,T3_CLAIM,0.026795600501956146,1.1255186721991701,0.00853326566428092,0.04221732489408205,1.038636923436812,1.2050860674856165,,,10000,secondary_cross_task
T2_NUMERIC,paper,0.2,TASK_SPECIFIC-CROSS_TASK:T1a_ACRONYM,T1a_ACRONYM,0.010188106649967499,1.0315860215053765,0.00032666674324514103,0.019003565971679987,1.0009793044379875,1.059928883316862,,,10000,secondary_cross_task
T2_NUMERIC,paper,0.2,TASK_SPECIFIC-CROSS_TASK:T1b_EXPLICIT_DEFINITION,T1b_EXPLICIT_DEFINITION,0.08933259471567234,1.3670096972095784,0.0698927980814773,0.10774252696021452,1.274699602950965,1.4646116095470174,,,10000,secondary_cross_task
T2_NUMERIC,paper,0.2,TASK_SPECIFIC-CROSS_TASK:T3_CLAIM,T3_CLAIM,0.10120667646137912,1.4371164048684073,0.07756038938477071,0.12353363642053379,1.3183387450547366,1.559707861429459,,,10000,secondary_cross_task
T2_NUMERIC,token,0.2,TASK_SPECIFIC-CROSS_TASK:T1a_ACRONYM,T1a_ACRONYM,0.006551217514872698,1.0310077519379846,-0.0118853867139598,0.023817240715283863,0.9458816308250506,1.117662810342723,,,10000,secondary_cross_task
T2_NUMERIC,token,0.2,TASK_SPECIFIC-CROSS_TASK:T1b_EXPLICIT_DEFINITION,T1b_EXPLICIT_DEFINITION,0.03323779474457475,1.180062630480167,0.011106039950104096,0.052010149478305186,1.0567638642112633,1.297780506907803,,,10000,secondary_cross_task
T2_NUMERIC,token,0.2,TASK_SPECIFIC-CROSS_TASK:T3_CLAIM,T3_CLAIM,0.006792071099978314,1.0321844327779046,-0.011193729601980715,0.022405420439991202,0.9488118720950969,1.1096977926186375,,,10000,secondary_cross_task
T3_CLAIM,paper,0.2,TASK_SPECIFIC-CROSS_TASK:T1a_ACRONYM,T1a_ACRONYM,0.14415262212336385,1.7106706031210461,0.11294776256990567,0.17081624220280064,1.5088328149135615,1.9035529356943148,,,10000,secondary_cross_task
T3_CLAIM,paper,0.2,TASK_SPECIFIC-CROSS_TASK:T1b_EXPLICIT_DEFINITION,T1b_EXPLICIT_DEFINITION,0.1625459834031996,1.8812615955473098,0.13023801890708125,0.19390284821002393,1.652502711158061,2.1336667423352207,,,10000,secondary_cross_task
T3_CLAIM,paper,0.2,TASK_SPECIFIC-CROSS_TASK:T2_NUMERIC,T2_NUMERIC,0.15039780990674992,1.7650130548302871,0.1215620882371539,0.18315767163857308,1.5731344771613582,2.02492855348892,,,10000,secondary_cross_task
T3_CLAIM,token,0.2,TASK_SPECIFIC-CROSS_TASK:T1a_ACRONYM,T1a_ACRONYM,0.11557874925143297,1.384134205288598,0.08654276210308548,0.14296174466049447,1.273293000041941,1.5047655001626736,,,10000,secondary_cross_task
T3_CLAIM,token,0.2,TASK_SPECIFIC-CROSS_TASK:T1b_EXPLICIT_DEFINITION,T1b_EXPLICIT_DEFINITION,0.22457010864915736,2.1703076237182346,0.18937249918024593,0.25823012379167193,1.9068681726944419,2.485306964661946,,,10000,secondary_cross_task
T3_CLAIM,token,0.2,TASK_SPECIFIC-CROSS_TASK:T2_NUMERIC,T2_NUMERIC,0.15912396269997436,1.6183510638297873,0.12172120268040669,0.192668265963694,1.4399675872367101,1.8074133129716132,,,10000,secondary_cross_task
