task,strategy,ranking_task,budget_type,budget_fraction,n_selected,source_tokens_selected,actual_mv_yield,yield_capture,yield_per_paper,yield_per_1m_tokens,capture_ci_low,capture_ci_high,lift_vs_random,random_repeats,scientific_role
T1a_ACRONYM,RANDOM,,paper,0.1,190.0,2006965.142,1350.851,0.09971587805418172,7.109742105263158,673.3381115013999,0.08902340001476342,0.11131615855909058,1.0,1000,baseline
T1a_ACRONYM,TASK_SPECIFIC,T1a_ACRONYM,paper,0.1,190.0,3826754.0,1879.0,0.13870229571122758,9.889473684210527,491.016668434919,,,1.3909750224117985,1000,deployable_oof_selection
T1a_ACRONYM,CROSS_TASK,T1b_EXPLICIT_DEFINITION,paper,0.1,190.0,3133914.0,1615.0,0.11921458625525946,8.5,515.3300313920548,,,1.1955426616258937,1000,deployable_oof_selection
T1a_ACRONYM,CROSS_TASK,T2_NUMERIC,paper,0.1,190.0,3837425.0,1924.0,0.14202406436849488,10.126315789473685,501.37787709206043,,,1.4242873566366685,1000,deployable_oof_selection
T1a_ACRONYM,CROSS_TASK,T3_CLAIM,paper,0.1,190.0,2454238.0,1450.0,0.10703476784527939,7.631578947368421,590.8147457581539,,,1.0733974361347034,1000,deployable_oof_selection
T1a_ACRONYM,ORACLE_UPPER_BOUND,T1a_ACRONYM,paper,0.1,190.0,2575293.0,3776.0,0.2787332988853621,19.873684210526317,1466.2409287020932,,,2.795274978513545,1000,upper_bound_diagnostic
T1a_ACRONYM,RANDOM,,paper,0.2,380.0,4009337.57,2709.867,0.2000344725769543,7.131228947368421,676.0351011053514,0.1849099431608474,0.2158466819221968,1.0,1000,baseline
T1a_ACRONYM,TASK_SPECIFIC,T1a_ACRONYM,paper,0.2,380.0,6653224.0,3713.0,0.27408282276518786,9.771052631578947,558.0753030410519,,,1.3701779460025159,1000,deployable_oof_selection
T1a_ACRONYM,CROSS_TASK,T1b_EXPLICIT_DEFINITION,paper,0.2,380.0,5656748.0,3199.0,0.23614084299106813,8.41842105263158,565.5192700823866,,,1.1805007404422432,1000,deployable_oof_selection
T1a_ACRONYM,CROSS_TASK,T2_NUMERIC,paper,0.2,380.0,6709190.0,3713.0,0.27408282276518786,9.771052631578947,553.42001046326,,,1.3701779460025159,1000,deployable_oof_selection
T1a_ACRONYM,CROSS_TASK,T3_CLAIM,paper,0.2,380.0,4626606.0,2882.0,0.2127408282276519,7.58421052631579,622.9188307800578,,,1.0635208296200516,1000,deployable_oof_selection
T1a_ACRONYM,ORACLE_UPPER_BOUND,T1a_ACRONYM,paper,0.2,380.0,4762405.0,6179.0,0.45611574518343545,16.260526315789473,1297.4537024885535,,,2.2801857065309847,1000,upper_bound_diagnostic
T1a_ACRONYM,RANDOM,,paper,0.3,570.0,6010101.151,4059.844,0.2996858345021038,7.122533333333333,675.5813632624718,0.2835314091680815,0.3171237174282129,1.0,1000,baseline
T1a_ACRONYM,TASK_SPECIFIC,T1a_ACRONYM,paper,0.3,570.0,9040487.0,5446.0,0.4020078246106149,9.554385964912282,602.4011759543484,,,1.3414308530081451,1000,deployable_oof_selection
T1a_ACRONYM,CROSS_TASK,T1b_EXPLICIT_DEFINITION,paper,0.3,570.0,7952440.0,4754.0,0.3509264043699712,8.340350877192982,597.8039444497538,,,1.170980953947984,1000,deployable_oof_selection
T1a_ACRONYM,CROSS_TASK,T2_NUMERIC,paper,0.3,570.0,9081699.0,5422.0,0.40023621466007236,9.512280701754387,597.0248518476553,,,1.3355192958153073,1000,deployable_oof_selection
T1a_ACRONYM,CROSS_TASK,T3_CLAIM,paper,0.3,570.0,6744708.0,4267.0,0.31497748579021184,7.485964912280702,632.6441411548135,,,1.0510256059099807,1000,deployable_oof_selection
T1a_ACRONYM,ORACLE_UPPER_BOUND,T1a_ACRONYM,paper,0.3,570.0,6917615.0,8081.0,0.596515833763933,14.177192982456141,1168.1771824537793,,,1.9904705698051455,1000,upper_bound_diagnostic
T1a_ACRONYM,RANDOM,,paper,0.5,949.0,10011899.9,6769.555,0.49970879161437953,7.133356164383562,676.194988437911,0.4814331586329077,0.5185668413670924,1.0,1000,baseline
T1a_ACRONYM,TASK_SPECIFIC,T1a_ACRONYM,paper,0.5,949.0,13161321.0,8197.0,0.6050786151915554,8.637513171759748,622.8098228133787,,,1.2108624569857251,1000,deployable_oof_selection
T1a_ACRONYM,CROSS_TASK,T1b_EXPLICIT_DEFINITION,paper,0.5,949.0,12009877.0,7681.0,0.5669890012548904,8.093782929399367,639.5569246879048,,,1.1346388351967005,1000,deployable_oof_selection
T1a_ACRONYM,CROSS_TASK,T2_NUMERIC,paper,0.5,949.0,13190591.0,8260.0,0.6097290913117296,8.703898840885142,626.2039358206164,,,1.220168829413455,1000,deployable_oof_selection
T1a_ACRONYM,CROSS_TASK,T3_CLAIM,paper,0.5,949.0,10634907.0,7136.0,0.5267586919613199,7.519494204425711,670.9978752047385,,,1.054131327686975,1000,deployable_oof_selection
T1a_ACRONYM,ORACLE_UPPER_BOUND,T1a_ACRONYM,paper,0.5,949.0,11077779.0,10891.0,0.8039418321399572,11.476290832455216,983.139309784028,,,1.6088206684191206,1000,upper_bound_diagnostic
T1a_ACRONYM,RANDOM,,token,0.1,189.513,1996095.697,1352.169,0.09981316896729903,7.138520941413014,677.4032833591552,0.08931866833985384,0.11079943899018233,1.0,1000,baseline
T1a_ACRONYM,TASK_SPECIFIC,T1a_ACRONYM,token,0.1,247.0,1999935.0,1685.0,0.12438178194434192,6.821862348178137,842.5273821399195,,,1.246146006897067,1000,deployable_oof_selection
T1a_ACRONYM,CROSS_TASK,T1b_EXPLICIT_DEFINITION,token,0.1,246.0,1999689.0,1345.0,0.09928397431165571,5.467479674796748,672.6045900137472,,,0.9946981479386083,1000,deployable_oof_selection
T1a_ACRONYM,CROSS_TASK,T2_NUMERIC,token,0.1,216.0,2001464.0,1373.0,0.1013508525872887,6.356481481481482,685.9978495741118,,,1.0154056186763638,1000,deployable_oof_selection
T1a_ACRONYM,CROSS_TASK,T3_CLAIM,token,0.1,270.0,1993314.0,1397.0,0.10312246253783125,5.174074074074074,700.8429178744543,,,1.0331548793087255,1000,deployable_oof_selection
T1a_ACRONYM,ORACLE_UPPER_BOUND,T1a_ACRONYM,token,0.1,226.0,2001025.0,3667.0,0.270687237026648,16.22566371681416,1832.5608125835508,,,2.711939114119611,1000,upper_bound_diagnostic
T1a_ACRONYM,RANDOM,,token,0.2,379.544,3999063.362,2706.765,0.19980549199084668,7.133316350095698,676.8491128670644,0.18460913855466154,0.21525245441795232,1.0,1000,baseline
T1a_ACRONYM,TASK_SPECIFIC,T1a_ACRONYM,token,0.2,451.0,4000504.0,3255.0,0.2402745995423341,7.21729490022173,813.6474804174674,,,1.2025425184676173,1000,deployable_oof_selection
T1a_ACRONYM,CROSS_TASK,T1b_EXPLICIT_DEFINITION,token,0.2,460.0,3997281.0,2892.0,0.21347899904037795,6.28695652173913,723.4917935466633,,,1.0684340901408138,1000,deployable_oof_selection
T1a_ACRONYM,CROSS_TASK,T2_NUMERIC,token,0.2,412.0,4001392.0,2704.0,0.19960138776112793,6.563106796116505,675.7648338378244,,,0.9989784853875383,1000,deployable_oof_selection
T1a_ACRONYM,CROSS_TASK,T3_CLAIM,token,0.2,498.0,4003807.0,2892.0,0.21347899904037795,5.807228915662651,722.3125390409677,,,1.0684340901408138,1000,deployable_oof_selection
T1a_ACRONYM,ORACLE_UPPER_BOUND,T1a_ACRONYM,token,0.2,439.0,4002753.0,6070.0,0.44806968332472136,13.826879271070615,1516.456298952246,,,2.242529366236079,1000,upper_bound_diagnostic
T1a_ACRONYM,RANDOM,,token,0.3,568.968,6001517.314,4064.659,0.30004126374843143,7.1450487381164836,677.2711125611205,0.28316047833468666,0.3174189857533033,1.0,1000,baseline
T1a_ACRONYM,TASK_SPECIFIC,T1a_ACRONYM,token,0.3,653.0,6001232.0,4627.0,0.3415516350483502,7.085758039816233,771.0083529515273,,,1.1383488750224802,1000,deployable_oof_selection
T1a_ACRONYM,CROSS_TASK,T1b_EXPLICIT_DEFINITION,token,0.3,661.0,6004120.0,4437.0,0.32752638960655495,6.712556732223903,738.9925584432024,,,1.091604486378808,1000,deployable_oof_selection
T1a_ACRONYM,CROSS_TASK,T2_NUMERIC,token,0.3,599.0,5999830.0,4186.0,0.3089983022071307,6.988313856427379,697.686434448976,,,1.0298526887495356,1000,deployable_oof_selection
T1a_ACRONYM,CROSS_TASK,T3_CLAIM,token,0.3,711.0,6001003.0,4445.0,0.32811692625673583,6.251758087201125,740.7095113933455,,,1.0935726711638047,1000,deployable_oof_selection
T1a_ACRONYM,ORACLE_UPPER_BOUND,T1a_ACRONYM,token,0.3,630.0,6003562.0,7960.0,0.5875839669299476,12.634920634920634,1325.87953618202,,,1.9583438610717405,1000,upper_bound_diagnostic
T1a_ACRONYM,RANDOM,,token,0.5,948.346,10007075.474,6769.37,0.49969513545434413,7.138474226749983,676.4584848056809,0.48084077655569496,0.5182032922418248,1.0,1000,baseline
T1a_ACRONYM,TASK_SPECIFIC,T1a_ACRONYM,token,0.5,1029.0,10005315.0,7386.0,0.5452129622794715,7.177842565597667,738.207642637938,,,1.0910911946015656,1000,deployable_oof_selection
T1a_ACRONYM,CROSS_TASK,T1b_EXPLICIT_DEFINITION,token,0.5,1027.0,10000921.0,7024.0,0.5184911788587879,6.839337877312561,702.3353149174961,,,1.0376150217819384,1000,deployable_oof_selection
T1a_ACRONYM,CROSS_TASK,T2_NUMERIC,token,0.5,946.0,9998481.0,7037.0,0.5194508009153318,7.438689217758985,703.8069082693661,,,1.039535436827947,1000,deployable_oof_selection
T1a_ACRONYM,CROSS_TASK,T3_CLAIM,token,0.5,1111.0,10003641.0,7248.0,0.5350262050638518,6.5238523852385235,724.5361963709014,,,1.0707052502670116,1000,deployable_oof_selection
T1a_ACRONYM,ORACLE_UPPER_BOUND,T1a_ACRONYM,token,0.5,995.0,10008156.0,10757.0,0.7940503432494279,10.811055276381909,1074.8233740561197,,,1.5890695884550556,1000,upper_bound_diagnostic
T1b_EXPLICIT_DEFINITION,RANDOM,,paper,0.1,190.0,2004818.893,79.395,0.10011979823455232,0.41786842105263156,39.61199585094234,0.07187894073139975,0.13117906683480451,1.0,1000,baseline
T1b_EXPLICIT_DEFINITION,TASK_SPECIFIC,T1b_EXPLICIT_DEFINITION,paper,0.1,190.0,3133914.0,167.0,0.21059268600252207,0.8789473684210526,53.28799705416294,,,2.103407015555136,1000,deployable_oof_selection
T1b_EXPLICIT_DEFINITION,CROSS_TASK,T1a_ACRONYM,paper,0.1,190.0,3826754.0,125.0,0.15762925598991173,0.6578947368421053,32.66475974154597,,,1.5744064487688145,1000,deployable_oof_selection
T1b_EXPLICIT_DEFINITION,CROSS_TASK,T2_NUMERIC,paper,0.1,190.0,3837425.0,108.0,0.13619167717528374,0.5684210526315789,28.143872518681146,,,1.3602871717362557,1000,deployable_oof_selection
T1b_EXPLICIT_DEFINITION,CROSS_TASK,T3_CLAIM,paper,0.1,190.0,2454238.0,81.0,0.1021437578814628,0.4263157894736842,33.004134073386524,,,1.0202153788021917,1000,deployable_oof_selection
T1b_EXPLICIT_DEFINITION,ORACLE_UPPER_BOUND,T1b_EXPLICIT_DEFINITION,paper,0.1,190.0,2426936.0,474.0,0.5977301387137453,2.4947368421052634,195.30799328865697,,,5.970149253731344,1000,upper_bound_diagnostic
T1b_EXPLICIT_DEFINITION,RANDOM,,paper,0.2,380.0,4011864.405,158.348,0.19968221941992434,0.4167052631578947,39.47441644538414,0.16393442622950818,0.23959646910466584,1.0,1000,baseline
T1b_EXPLICIT_DEFINITION,TASK_SPECIFIC,T1b_EXPLICIT_DEFINITION,paper,0.2,380.0,5656748.0,298.0,0.37578814627994955,0.7842105263157895,52.68044466538018,,,1.8819309369237376,1000,deployable_oof_selection
T1b_EXPLICIT_DEFINITION,CROSS_TASK,T1a_ACRONYM,paper,0.2,380.0,6653224.0,235.0,0.296343001261034,0.618421052631579,35.32122171145899,,,1.4840730542854976,1000,deployable_oof_selection
T1b_EXPLICIT_DEFINITION,CROSS_TASK,T2_NUMERIC,paper,0.2,380.0,6709190.0,217.0,0.27364438839848676,0.5710526315789474,32.343695736743186,,,1.370399373531715,1000,deployable_oof_selection
T1b_EXPLICIT_DEFINITION,CROSS_TASK,T3_CLAIM,paper,0.2,380.0,4626606.0,188.0,0.23707440100882723,0.49473684210526314,40.634538579684545,,,1.1872584434283981,1000,deployable_oof_selection
T1b_EXPLICIT_DEFINITION,ORACLE_UPPER_BOUND,T1b_EXPLICIT_DEFINITION,paper,0.2,380.0,4597826.0,664.0,0.8373266078184111,1.7473684210526317,144.41607838139154,,,4.193295778917321,1000,upper_bound_diagnostic
T1b_EXPLICIT_DEFINITION,RANDOM,,paper,0.3,570.0,6015313.29,237.664,0.29970239596469106,0.41695438596491224,39.514835865494724,0.25220680958385877,0.3442938209331652,1.0,1000,baseline
T1b_EXPLICIT_DEFINITION,TASK_SPECIFIC,T1b_EXPLICIT_DEFINITION,paper,0.3,570.0,7952440.0,387.0,0.4880201765447667,0.6789473684210526,48.66430931890086,,,1.628349266190925,1000,deployable_oof_selection
T1b_EXPLICIT_DEFINITION,CROSS_TASK,T1a_ACRONYM,paper,0.3,570.0,9040487.0,327.0,0.4123581336696091,0.5736842105263158,36.170617799682695,,,1.3758920156186887,1000,deployable_oof_selection
T1b_EXPLICIT_DEFINITION,CROSS_TASK,T2_NUMERIC,paper,0.3,570.0,9081699.0,304.0,0.3833543505674653,0.5333333333333333,33.47391275575198,,,1.2791167362326645,1000,deployable_oof_selection
T1b_EXPLICIT_DEFINITION,CROSS_TASK,T3_CLAIM,paper,0.3,570.0,6744708.0,268.0,0.3379571248423707,0.47017543859649125,39.73485583067495,,,1.1276423858893225,1000,deployable_oof_selection
T1b_EXPLICIT_DEFINITION,ORACLE_UPPER_BOUND,T1b_EXPLICIT_DEFINITION,paper,0.3,570.0,6489140.0,793.0,1.0,1.3912280701754387,122.20417497542047,,,3.3366433283963914,1000,upper_bound_diagnostic
T1b_EXPLICIT_DEFINITION,RANDOM,,paper,0.5,949.0,10012941.115,396.512,0.500015132408575,0.4178208640674394,39.6011293329569,0.4552017654476671,0.5460592686002521,1.0,1000,baseline
T1b_EXPLICIT_DEFINITION,TASK_SPECIFIC,T1b_EXPLICIT_DEFINITION,paper,0.5,949.0,12009877.0,533.0,0.6721311475409836,0.5616438356164384,44.38013811465346,,,1.344221612460657,1000,deployable_oof_selection
T1b_EXPLICIT_DEFINITION,CROSS_TASK,T1a_ACRONYM,paper,0.5,949.0,13161321.0,494.0,0.6229508196721312,0.5205479452054794,37.53422623762463,,,1.2458639335001211,1000,deployable_oof_selection
T1b_EXPLICIT_DEFINITION,CROSS_TASK,T2_NUMERIC,paper,0.5,949.0,13190591.0,477.0,0.6015132408575031,0.5026343519494204,36.162140119423,,,1.2029900734404004,1000,deployable_oof_selection
T1b_EXPLICIT_DEFINITION,CROSS_TASK,T3_CLAIM,paper,0.5,949.0,10634907.0,415.0,0.5233291298865069,0.43730242360379346,39.02243808996167,,,1.0466265838108306,1000,deployable_oof_selection
T1b_EXPLICIT_DEFINITION,ORACLE_UPPER_BOUND,T1b_EXPLICIT_DEFINITION,paper,0.5,949.0,10431245.0,793.0,1.0,0.8356164383561644,76.02160624163271,,,1.999939472197563,1000,upper_bound_diagnostic
T1b_EXPLICIT_DEFINITION,RANDOM,,token,0.1,189.438,1996212.476,78.918,0.09951828499369483,0.41677381015336323,39.53373266356839,0.07187894073139975,0.12862547288776796,1.0,1000,baseline
T1b_EXPLICIT_DEFINITION,TASK_SPECIFIC,T1b_EXPLICIT_DEFINITION,token,0.1,246.0,1999689.0,144.0,0.18158890290037832,0.5853658536585366,72.01119774124876,,,1.8246787805063485,1000,deployable_oof_selection
T1b_EXPLICIT_DEFINITION,CROSS_TASK,T1a_ACRONYM,token,0.1,247.0,1999935.0,129.0,0.1626733921815889,0.5222672064777328,64.50209631813034,,,1.6346080742036038,1000,deployable_oof_selection
T1b_EXPLICIT_DEFINITION,CROSS_TASK,T2_NUMERIC,token,0.1,216.0,2001464.0,67.0,0.08448928121059268,0.3101851851851852,33.475495936974134,,,0.8489824881522592,1000,deployable_oof_selection
T1b_EXPLICIT_DEFINITION,CROSS_TASK,T3_CLAIM,token,0.1,270.0,1993314.0,87.0,0.10970996216897856,0.32222222222222224,43.645908271351125,,,1.1024100965559187,1000,deployable_oof_selection
T1b_EXPLICIT_DEFINITION,ORACLE_UPPER_BOUND,T1b_EXPLICIT_DEFINITION,token,0.1,212.0,2001742.0,470.0,0.592686002522068,2.2169811320754715,234.7954931254877,,,5.9555487974859975,1000,upper_bound_diagnostic
T1b_EXPLICIT_DEFINITION,RANDOM,,token,0.2,378.808,3998936.251,159.029,0.20054098360655737,0.4199033542763382,39.76771515655551,0.1614123581336696,0.2383669609079445,1.0,1000,baseline
T1b_EXPLICIT_DEFINITION,TASK_SPECIFIC,T1b_EXPLICIT_DEFINITION,token,0.2,460.0,3997281.0,249.0,0.31399747793190413,0.5413043478260869,62.292343220304005,,,1.565752158411359,1000,deployable_oof_selection
T1b_EXPLICIT_DEFINITION,CROSS_TASK,T1a_ACRONYM,token,0.2,451.0,4000504.0,206.0,0.2597730138713745,0.4567627494456763,51.49351181751099,,,1.2953612234246585,1000,deployable_oof_selection
T1b_EXPLICIT_DEFINITION,CROSS_TASK,T2_NUMERIC,token,0.2,412.0,4001392.0,120.0,0.15132408575031525,0.2912621359223301,29.989563631856115,,,0.7545793534512574,1000,deployable_oof_selection
T1b_EXPLICIT_DEFINITION,CROSS_TASK,T3_CLAIM,token,0.2,498.0,4003807.0,164.0,0.2068095838587642,0.3293172690763052,40.96101535363717,,,1.0312584497167183,1000,deployable_oof_selection
T1b_EXPLICIT_DEFINITION,ORACLE_UPPER_BOUND,T1b_EXPLICIT_DEFINITION,token,0.2,397.0,4002001.0,675.0,0.8511979823455234,1.7002518891687657,168.6656250210832,,,4.244508863163323,1000,upper_bound_diagnostic
T1b_EXPLICIT_DEFINITION,RANDOM,,token,0.3,569.358,6001843.139,238.466,0.3007137452711223,0.4189011237218631,39.7320913275113,0.25851197982345525,0.3455233291298865,1.0,1000,baseline
T1b_EXPLICIT_DEFINITION,TASK_SPECIFIC,T1b_EXPLICIT_DEFINITION,token,0.3,661.0,6004120.0,345.0,0.43505674653215637,0.5219364599092284,57.4605437599515,,,1.446747125376364,1000,deployable_oof_selection
T1b_EXPLICIT_DEFINITION,CROSS_TASK,T1a_ACRONYM,token,0.3,653.0,6001232.0,281.0,0.35435056746532156,0.43032159264931086,46.823718863060115,,,1.1783650499442269,1000,deployable_oof_selection
T1b_EXPLICIT_DEFINITION,CROSS_TASK,T2_NUMERIC,token,0.3,599.0,5999830.0,190.0,0.23959646910466584,0.31719532554257096,31.667563914310904,,,0.7967592864391569,1000,deployable_oof_selection
T1b_EXPLICIT_DEFINITION,CROSS_TASK,T3_CLAIM,token,0.3,711.0,6001003.0,252.0,0.31778058007566207,0.35443037974683544,41.992980173481,,,1.05675442201404,1000,deployable_oof_selection
T1b_EXPLICIT_DEFINITION,ORACLE_UPPER_BOUND,T1b_EXPLICIT_DEFINITION,token,0.3,520.0,6002774.0,793.0,1.0,1.525,132.10558984895982,,,3.3254216534013232,1000,upper_bound_diagnostic
T1b_EXPLICIT_DEFINITION,RANDOM,,token,0.5,948.547,10007344.391,396.153,0.499562421185372,0.41766280809916106,39.586192679286135,0.4539407313997478,0.5460592686002521,1.0,1000,baseline
T1b_EXPLICIT_DEFINITION,TASK_SPECIFIC,T1b_EXPLICIT_DEFINITION,token,0.5,1027.0,10000921.0,525.0,0.6620428751576293,0.5111976630963972,52.495165195285516,,,1.3252455490681632,1000,deployable_oof_selection
T1b_EXPLICIT_DEFINITION,CROSS_TASK,T1a_ACRONYM,token,0.5,1029.0,10005315.0,427.0,0.5384615384615384,0.41496598639455784,42.67731700601131,,,1.0778663799087727,1000,deployable_oof_selection
T1b_EXPLICIT_DEFINITION,CROSS_TASK,T2_NUMERIC,token,0.5,946.0,9998481.0,350.0,0.44136191677175285,0.3699788583509514,35.00531730769904,,,0.8834970327121088,1000,deployable_oof_selection
T1b_EXPLICIT_DEFINITION,CROSS_TASK,T3_CLAIM,token,0.5,1111.0,10003641.0,416.0,0.5245901639344263,0.37443744374437443,41.584858952855264,,,1.0500993303092494,1000,deployable_oof_selection
T1b_EXPLICIT_DEFINITION,ORACLE_UPPER_BOUND,T1b_EXPLICIT_DEFINITION,token,0.5,911.0,10013383.0,793.0,1.0,0.8704720087815587,79.19401465019365,,,2.0017518484020065,1000,upper_bound_diagnostic
T2_NUMERIC,RANDOM,,paper,0.1,190.0,2006324.432,4165.681,0.10033192032563404,21.924636842105265,2076.492216395489,0.08911341795322623,0.11228654351020015,1.0,1000,baseline
T2_NUMERIC,TASK_SPECIFIC,T2_NUMERIC,paper,0.1,190.0,3837425.0,7969.0,0.19193622197066404,41.94210526315789,2076.652963901575,,,1.9130125422469941,1000,deployable_oof_selection
T2_NUMERIC,CROSS_TASK,T1a_ACRONYM,paper,0.1,190.0,3826754.0,7604.0,0.1831450661143091,40.02105263157895,1987.0626645977243,,,1.8253918146876826,1000,deployable_oof_selection
T2_NUMERIC,CROSS_TASK,T1b_EXPLICIT_DEFINITION,paper,0.1,190.0,3133914.0,5488.0,0.1321804475059611,28.88421052631579,1751.1648373248277,,,1.3174316516315099,1000,deployable_oof_selection
T2_NUMERIC,CROSS_TASK,T3_CLAIM,paper,0.1,190.0,2454238.0,4886.0,0.11768106168260314,25.71578947368421,1990.8419639823032,,,1.1729174653556047,1000,deployable_oof_selection
T2_NUMERIC,ORACLE_UPPER_BOUND,T2_NUMERIC,paper,0.1,190.0,2966644.0,11850.0,0.28541149835015295,62.36842105263158,3994.4125415789695,,,2.8446729358297,1000,upper_bound_diagnostic
T2_NUMERIC,RANDOM,,paper,0.2,380.0,4007328.947,8305.554,0.20004224571882753,21.856721052631578,2072.682793069605,0.18523928803680242,0.21602158048122547,1.0,1000,baseline
T2_NUMERIC,TASK_SPECIFIC,T2_NUMERIC,paper,0.2,380.0,6709190.0,13815.0,0.33273922782340615,36.35526315789474,2059.1159290465766,,,1.6633447931348107,1000,deployable_oof_selection
T2_NUMERIC,CROSS_TASK,T1a_ACRONYM,paper,0.2,380.0,6653224.0,13392.0,0.32255112117343865,35.242105263157896,2012.8587283398244,,,1.612415017709836,1000,deployable_oof_selection
T2_NUMERIC,CROSS_TASK,T1b_EXPLICIT_DEFINITION,paper,0.2,380.0,5656748.0,10106.0,0.2434066331077338,26.594736842105263,1786.5388382158794,,,1.2167761476236263,1000,deployable_oof_selection
T2_NUMERIC,CROSS_TASK,T3_CLAIM,paper,0.2,380.0,4626606.0,9613.0,0.23153255136202702,25.29736842105263,2077.7649966303593,,,1.1574182769746606,1000,deployable_oof_selection
T2_NUMERIC,ORACLE_UPPER_BOUND,T2_NUMERIC,paper,0.2,380.0,5338902.0,19172.0,0.4617644933644837,50.45263157894737,3591.000546554329,,,2.3083348804908135,1000,upper_bound_diagnostic
T2_NUMERIC,RANDOM,,paper,0.3,570.0,6008754.48,12475.216,0.3004700498566921,21.88634385964912,2076.2794108499143,0.28367675040342977,0.31860172451166935,1.0,1000,baseline
T2_NUMERIC,TASK_SPECIFIC,T2_NUMERIC,paper,0.3,570.0,9081699.0,18710.0,0.4506370577326044,32.824561403508774,2060.1871962503933,,,1.4997736311740013,1000,deployable_oof_selection
T2_NUMERIC,CROSS_TASK,T1a_ACRONYM,paper,0.3,570.0,9040487.0,18386.0,0.4428334015751825,32.256140350877196,2033.739996528948,,,1.4738021369730192,1000,deployable_oof_selection
T2_NUMERIC,CROSS_TASK,T1b_EXPLICIT_DEFINITION,paper,0.3,570.0,7952440.0,14645.0,0.35273007538717216,25.69298245614035,1841.5731523909642,,,1.173927569670938,1000,deployable_oof_selection
T2_NUMERIC,CROSS_TASK,T3_CLAIM,paper,0.3,570.0,6744708.0,14424.0,0.34740721115633805,25.305263157894736,2138.5655242599087,,,1.1562124455400211,1000,deployable_oof_selection
T2_NUMERIC,ORACLE_UPPER_BOUND,T2_NUMERIC,paper,0.3,570.0,7613275.0,24855.0,0.5986415857800044,43.60526315789474,3264.692264498524,,,1.9923502727327527,1000,upper_bound_diagnostic
T2_NUMERIC,RANDOM,,paper,0.5,949.0,10018935.03,20780.713,0.5005109227100845,21.897484720758694,2074.1612358903603,0.4815560345865748,0.5185589730003131,1.0,1000,baseline
T2_NUMERIC,TASK_SPECIFIC,T2_NUMERIC,paper,0.5,949.0,13190591.0,27142.0,0.6537248006936583,28.60063224446786,2057.678840925323,,,1.3061149538035584,1000,deployable_oof_selection
T2_NUMERIC,CROSS_TASK,T1a_ACRONYM,paper,0.5,949.0,13161321.0,26831.0,0.6462342541968737,28.27291886195996,2038.6251501653976,,,1.291149153544443,1000,deployable_oof_selection
T2_NUMERIC,CROSS_TASK,T1b_EXPLICIT_DEFINITION,paper,0.5,949.0,12009877.0,24147.0,0.5815891519545269,25.44467860906217,2010.5951126726777,,,1.1619909288001815,1000,deployable_oof_selection
T2_NUMERIC,CROSS_TASK,T3_CLAIM,paper,0.5,949.0,10634907.0,23025.0,0.5545653797056769,24.262381454162277,2165.0400892081143,,,1.1079985561611867,1000,deployable_oof_selection
T2_NUMERIC,ORACLE_UPPER_BOUND,T2_NUMERIC,paper,0.5,949.0,11660692.0,33211.0,0.7998988414942556,34.995785036880925,2848.1157035963215,,,1.5981646058053929,1000,upper_bound_diagnostic
T2_NUMERIC,RANDOM,,token,0.1,189.598,1996087.874,4140.972,0.09973679520219657,21.863087873206727,2074.5383784160676,0.0900063826200053,0.10971302295334666,1.0,1000,baseline
T2_NUMERIC,TASK_SPECIFIC,T2_NUMERIC,token,0.1,216.0,2001464.0,4666.0,0.11238228281027964,21.60185185185185,2331.2934931630048,,,1.1267885897320729,1000,deployable_oof_selection
T2_NUMERIC,CROSS_TASK,T1a_ACRONYM,token,0.1,247.0,1999935.0,4214.0,0.10149570076350586,17.060728744939272,2107.0684797255913,,,1.017635473024208,1000,deployable_oof_selection
T2_NUMERIC,CROSS_TASK,T1b_EXPLICIT_DEFINITION,token,0.1,246.0,1999689.0,3464.0,0.0834316818805848,14.08130081300813,1732.2693678867063,,,0.8365185758319545,1000,deployable_oof_selection
T2_NUMERIC,CROSS_TASK,T3_CLAIM,token,0.1,270.0,1993314.0,4416.0,0.10636094318263928,16.355555555555554,2215.406102600995,,,1.0664162906679884,1000,deployable_oof_selection
T2_NUMERIC,ORACLE_UPPER_BOUND,T2_NUMERIC,token,0.1,207.0,1996854.0,10226.0,0.24629687612900117,49.40096618357488,5121.055420175937,,,2.4694685209173115,1000,upper_bound_diagnostic
T2_NUMERIC,RANDOM,,token,0.2,379.001,3999069.736,8279.287,0.1994095956068306,21.85425727774779,2070.3003720476304,0.18533623160480742,0.21180724487584,1.0,1000,baseline
T2_NUMERIC,TASK_SPECIFIC,T2_NUMERIC,token,0.2,412.0,4001392.0,9044.0,0.21782798236951756,21.95145631067961,2260.213445720889,,,1.0923645961300774,1000,deployable_oof_selection
T2_NUMERIC,CROSS_TASK,T1a_ACRONYM,token,0.2,451.0,4000504.0,8772.0,0.21127676485464486,19.45011086474501,2192.7237168116817,,,1.0595115255697742,1000,deployable_oof_selection
T2_NUMERIC,CROSS_TASK,T1b_EXPLICIT_DEFINITION,token,0.2,460.0,3997281.0,7664.0,0.1845901876249428,16.660869565217393,1917.3032869092765,,,0.9256835763755986,1000,deployable_oof_selection
T2_NUMERIC,CROSS_TASK,T3_CLAIM,token,0.2,498.0,4003807.0,8762.0,0.21103591126953924,17.59437751004016,2188.4171739546887,,,1.0583036920932924,1000,deployable_oof_selection
T2_NUMERIC,ORACLE_UPPER_BOUND,T2_NUMERIC,token,0.2,389.0,3985783.0,17275.0,0.4160745682699487,44.40874035989717,4334.154669233122,,,2.08653233062219,1000,upper_bound_diagnostic
T2_NUMERIC,RANDOM,,token,0.3,568.738,6001712.769,12444.833,0.2997382644090657,21.88675360663208,2073.5446558342946,0.2844215901153689,0.3143627014138105,1.0,1000,baseline
T2_NUMERIC,TASK_SPECIFIC,T2_NUMERIC,token,0.3,599.0,5999830.0,14150.0,0.3408078229244442,23.62270450751252,2358.400154671049,,,1.137018070069723,1000,deployable_oof_selection
T2_NUMERIC,CROSS_TASK,T1a_ACRONYM,token,0.3,653.0,6001232.0,12854.0,0.3095931982947566,19.684532924961715,2141.893531194928,,,1.0328784645000861,1000,deployable_oof_selection
T2_NUMERIC,CROSS_TASK,T1b_EXPLICIT_DEFINITION,token,0.3,661.0,6004120.0,11905.0,0.28673619306823384,18.010590015128592,1982.8051404702105,,,0.956621916903184,1000,deployable_oof_selection
T2_NUMERIC,CROSS_TASK,T3_CLAIM,token,0.3,711.0,6001003.0,13343.0,0.32137093860642113,18.766526019690577,2223.461644661734,,,1.0721718804904814,1000,deployable_oof_selection
T2_NUMERIC,ORACLE_UPPER_BOUND,T2_NUMERIC,token,0.3,588.0,6002729.0,23003.0,0.5540355018184445,39.12074829931973,3832.090370896304,,,1.8483976442271262,1000,upper_bound_diagnostic
T2_NUMERIC,RANDOM,,token,0.5,948.238,10007053.052,20770.405,0.5002626508345577,21.906594515288056,2075.5765335265387,0.4846148751174161,0.5171144536236422,1.0,1000,baseline
T2_NUMERIC,TASK_SPECIFIC,T2_NUMERIC,token,0.5,946.0,9998481.0,22638.0,0.5452443459620896,23.930232558139537,2264.143923461974,,,1.0899161571476337,1000,deployable_oof_selection
T2_NUMERIC,CROSS_TASK,T1a_ACRONYM,token,0.5,1029.0,10005315.0,21735.0,0.5234952672270526,21.122448979591837,2172.3453984207395,,,1.0464408373356224,1000,deployable_oof_selection
T2_NUMERIC,CROSS_TASK,T1b_EXPLICIT_DEFINITION,token,0.5,1027.0,10000921.0,20146.0,0.48522363255377055,19.616358325219085,2014.4144724270895,,,0.9699377551858039,1000,deployable_oof_selection
T2_NUMERIC,CROSS_TASK,T3_CLAIM,token,0.5,1111.0,10003641.0,22201.0,0.5347190442929743,19.982898289828984,2219.2919557988935,,,1.0688766059207802,1000,deployable_oof_selection
T2_NUMERIC,ORACLE_UPPER_BOUND,T2_NUMERIC,token,0.5,950.0,10005198.0,31594.0,0.7609528167826778,33.25684210526316,3157.758597081237,,,1.5211065937327655,1000,upper_bound_diagnostic
T3_CLAIM,RANDOM,,paper,0.1,190.0,2006016.097,1175.614,0.10057438617503635,6.187442105263157,586.7227214848448,0.08571734108991359,0.11755282744460605,1.0,1000,baseline
T3_CLAIM,TASK_SPECIFIC,T3_CLAIM,paper,0.1,190.0,2454238.0,2194.0,0.1876978355719052,11.547368421052632,893.9638290988894,,,1.866258823049062,1000,deployable_oof_selection
T3_CLAIM,CROSS_TASK,T1a_ACRONYM,paper,0.1,190.0,3826754.0,1099.0,0.09402001882111387,5.78421052631579,287.18856764767213,,,0.9348306501964081,1000,deployable_oof_selection
T3_CLAIM,CROSS_TASK,T1b_EXPLICIT_DEFINITION,paper,0.1,190.0,3133914.0,1121.0,0.09590213020788776,5.9,357.69966884860276,,,0.9535442755870551,1000,deployable_oof_selection
T3_CLAIM,CROSS_TASK,T2_NUMERIC,paper,0.1,190.0,3837425.0,1083.0,0.09265121053982377,5.7,282.2204994234415,,,0.9212207408213922,1000,deployable_oof_selection
T3_CLAIM,ORACLE_UPPER_BOUND,T3_CLAIM,paper,0.1,190.0,1920539.0,4450.0,0.3806998032338096,23.42105263157895,2317.057867609041,,,3.7852560449263115,1000,upper_bound_diagnostic
T3_CLAIM,RANDOM,,paper,0.2,380.0,4006295.256,2345.582,0.20066575412781248,6.172584210526316,585.763261355996,0.17888185473522114,0.2224399007613996,1.0,1000,baseline
T3_CLAIM,TASK_SPECIFIC,T3_CLAIM,paper,0.2,380.0,4626606.0,4056.0,0.3469928993070408,10.673684210526316,876.6685557404282,,,1.7292083585225329,1000,deployable_oof_selection
T3_CLAIM,CROSS_TASK,T1a_ACRONYM,paper,0.2,380.0,6653224.0,2371.0,0.20284027718367695,6.239473684210527,356.3685816079543,,,1.0108365429134432,1000,deployable_oof_selection
T3_CLAIM,CROSS_TASK,T1b_EXPLICIT_DEFINITION,paper,0.2,380.0,5656748.0,2156.0,0.1844469159038412,5.673684210526316,381.13771375355594,,,0.9191748572422537,1000,deployable_oof_selection
T3_CLAIM,CROSS_TASK,T2_NUMERIC,paper,0.2,380.0,6709190.0,2298.0,0.19659508940029088,6.0473684210526315,342.51526637343704,,,0.9797142031274114,1000,deployable_oof_selection
T3_CLAIM,ORACLE_UPPER_BOUND,T3_CLAIM,paper,0.2,380.0,3938129.0,6855.0,0.586448798015228,18.039473684210527,1740.6743151379753,,,2.922515605934902,1000,upper_bound_diagnostic
T3_CLAIM,RANDOM,,paper,0.3,570.0,6013814.247,3511.836,0.3004393874582942,6.161115789473684,584.1126580235327,0.275472666609633,0.3251775173239798,1.0,1000,baseline
T3_CLAIM,TASK_SPECIFIC,T3_CLAIM,paper,0.3,570.0,6744708.0,5516.0,0.4718966549747626,9.677192982456141,817.8263610522501,,,1.5706883806647003,1000,deployable_oof_selection
T3_CLAIM,CROSS_TASK,T1a_ACRONYM,paper,0.3,570.0,9040487.0,3796.0,0.32474976473607664,6.659649122807018,419.8888843045734,,,1.080916079224656,1000,deployable_oof_selection
T3_CLAIM,CROSS_TASK,T1b_EXPLICIT_DEFINITION,paper,0.3,570.0,7952440.0,3315.0,0.28359996577979296,5.815789473684211,416.85319222779424,,,0.9439506856242715,1000,deployable_oof_selection
T3_CLAIM,CROSS_TASK,T2_NUMERIC,paper,0.3,570.0,9081699.0,3578.0,0.30609975190349903,6.277192982456141,393.9791442107914,,,1.018840287530511,1000,deployable_oof_selection
T3_CLAIM,ORACLE_UPPER_BOUND,T3_CLAIM,paper,0.3,570.0,5880854.0,8460.0,0.7237573787321413,14.842105263157896,1438.5665755347777,,,2.4089963198737063,1000,upper_bound_diagnostic
T3_CLAIM,RANDOM,,paper,0.5,949.0,10016113.662,5849.78,0.5004517067328258,6.164151738672286,584.0987516717563,0.47557104970485076,0.5269077765420481,1.0,1000,baseline
T3_CLAIM,TASK_SPECIFIC,T3_CLAIM,paper,0.5,949.0,10634907.0,8004.0,0.6847463427153734,8.434141201264488,752.6158902941041,,,1.3682565840082872,1000,deployable_oof_selection
T3_CLAIM,CROSS_TASK,T1a_ACRONYM,paper,0.5,949.0,13161321.0,6302.0,0.5391393617931388,6.640674394099052,478.8273152824097,,,1.07730547131687,1000,deployable_oof_selection
T3_CLAIM,CROSS_TASK,T1b_EXPLICIT_DEFINITION,paper,0.5,949.0,12009877.0,5625.0,0.48122166139105144,5.927291886195996,468.3644969886036,,,0.9615746233191674,1000,deployable_oof_selection
T3_CLAIM,CROSS_TASK,T2_NUMERIC,paper,0.5,949.0,13190591.0,6096.0,0.5215159551715288,6.423603793466807,462.1476020293556,,,1.0420904717784258,1000,deployable_oof_selection
T3_CLAIM,ORACLE_UPPER_BOUND,T3_CLAIM,paper,0.5,949.0,10056237.0,10413.0,0.8908375395671144,10.972602739726028,1035.4767891806846,,,1.7800669426884428,1000,upper_bound_diagnostic
T3_CLAIM,RANDOM,,token,0.1,189.416,1996061.276,1169.86,0.1000821284968774,6.17688643411479,586.0875312033345,0.08375395671143811,0.11805971426127128,1.0,1000,baseline
T3_CLAIM,TASK_SPECIFIC,T3_CLAIM,token,0.1,270.0,1993314.0,2982.0,0.25511164342544274,11.044444444444444,1496.0011317835524,,,2.549022960012309,1000,deployable_oof_selection
T3_CLAIM,CROSS_TASK,T1a_ACRONYM,token,0.1,247.0,1999935.0,1863.0,0.15938061425271624,7.5425101214574894,931.5302747339289,,,1.5924982476535654,1000,deployable_oof_selection
T3_CLAIM,CROSS_TASK,T1b_EXPLICIT_DEFINITION,token,0.1,246.0,1999689.0,891.0,0.07622551116434255,3.6219512195121952,445.5692860239767,,,0.7616295967038792,1000,deployable_oof_selection
T3_CLAIM,CROSS_TASK,T2_NUMERIC,token,0.1,216.0,2001464.0,1721.0,0.14723244075626657,7.967592592592593,859.8705747392909,,,1.4711162019386934,1000,deployable_oof_selection
T3_CLAIM,ORACLE_UPPER_BOUND,T3_CLAIM,token,0.1,244.0,1995137.0,4874.0,0.41697322268799725,19.975409836065573,2442.940008630986,,,4.166310498692151,1000,upper_bound_diagnostic
T3_CLAIM,RANDOM,,token,0.2,379.619,3998894.725,2342.136,0.20037094704422964,6.169625388203853,585.6972340341741,0.17708743262896742,0.22534434083326205,1.0,1000,baseline
T3_CLAIM,TASK_SPECIFIC,T3_CLAIM,token,0.2,498.0,4003807.0,4868.0,0.4164599195825135,9.775100401606426,1215.8428215945473,,,2.0784446334457094,1000,deployable_oof_selection
T3_CLAIM,CROSS_TASK,T1a_ACRONYM,token,0.2,451.0,4000504.0,3517.0,0.3008811703310805,7.798226164079822,879.1392284572144,,,1.5016207427749713,1000,deployable_oof_selection
T3_CLAIM,CROSS_TASK,T1b_EXPLICIT_DEFINITION,token,0.2,460.0,3997281.0,2243.0,0.19188981093335614,4.876086956521739,561.1314290889231,,,0.9576728251476428,1000,deployable_oof_selection
T3_CLAIM,CROSS_TASK,T2_NUMERIC,token,0.2,412.0,4001392.0,3008.0,0.25733595688253913,7.300970873786408,751.7383950385266,,,1.284297752137365,1000,deployable_oof_selection
T3_CLAIM,ORACLE_UPPER_BOUND,T3_CLAIM,token,0.2,462.0,4002468.0,7332.0,0.6272563949011891,15.87012987012987,1831.869736372658,,,3.130475770834827,1000,upper_bound_diagnostic
T3_CLAIM,RANDOM,,token,0.3,569.123,6001364.054,3508.558,0.30015895286166483,6.164749583461193,584.6257482902433,0.2734173154247583,0.32637522457010865,1.0,1000,baseline
T3_CLAIM,TASK_SPECIFIC,T3_CLAIM,token,0.3,711.0,6001003.0,6444.0,0.5512875352895885,9.063291139240507,1073.8204930075856,,,1.8366519806712616,1000,deployable_oof_selection
T3_CLAIM,CROSS_TASK,T1a_ACRONYM,token,0.3,653.0,6001232.0,5311.0,0.45435879887073316,8.13323124042879,884.9849497569833,,,1.5137272919529903,1000,deployable_oof_selection
T3_CLAIM,CROSS_TASK,T1b_EXPLICIT_DEFINITION,token,0.3,661.0,6004120.0,3623.0,0.30994952519462743,5.481089258698941,603.4189856298675,,,1.0326179587169428,1000,deployable_oof_selection
T3_CLAIM,CROSS_TASK,T2_NUMERIC,token,0.3,599.0,5999830.0,3988.0,0.34117546411155786,6.657762938230384,664.6854994224836,,,1.1366493015079129,1000,deployable_oof_selection
T3_CLAIM,ORACLE_UPPER_BOUND,T3_CLAIM,token,0.3,669.0,6005802.0,8848.0,0.7569509795534263,13.225710014947683,1473.2420416124276,,,2.5218337562041158,1000,upper_bound_diagnostic
T3_CLAIM,RANDOM,,token,0.5,948.825,10007151.265,5843.062,0.4998769783557191,6.158272313379078,583.8882079264207,0.47146462486098045,0.5273398066558304,1.0,1000,baseline
T3_CLAIM,TASK_SPECIFIC,T3_CLAIM,token,0.5,1111.0,10003641.0,8577.0,0.7337667892890752,7.72007200720072,857.3878250928836,,,1.467894744228283,1000,deployable_oof_selection
T3_CLAIM,CROSS_TASK,T1a_ACRONYM,token,0.5,1029.0,10005315.0,7931.0,0.6785011549319874,7.707482993197279,792.678691275587,,,1.3573362733443526,1000,deployable_oof_selection
T3_CLAIM,CROSS_TASK,T1b_EXPLICIT_DEFINITION,token,0.5,1027.0,10000921.0,6310.0,0.5398237659337839,6.144109055501461,630.9418902519078,,,1.0799132372718276,1000,deployable_oof_selection
T3_CLAIM,CROSS_TASK,T2_NUMERIC,token,0.5,946.0,9998481.0,6154.0,0.5264778851912054,6.505285412262157,615.4934934616568,,,1.0532149068416525,1000,deployable_oof_selection
T3_CLAIM,ORACLE_UPPER_BOUND,T3_CLAIM,token,0.5,1043.0,10005201.0,10592.0,0.9061510822140474,10.155321188878236,1058.6493964489068,,,1.8127481789513784,1000,upper_bound_diagnostic
