task_pair,task_a,task_b,score,spearman,top_fraction,jaccard
T1a_ACRONYM__T2_NUMERIC,T1a_ACRONYM,T2_NUMERIC,oof_predicted_rate_per_10k,0.42777640252493593,0.05,0.13095238095238096
T1a_ACRONYM__T2_NUMERIC,T1a_ACRONYM,T2_NUMERIC,oof_predicted_rate_per_10k,0.42777640252493593,0.1,0.11436950146627566
T1a_ACRONYM__T2_NUMERIC,T1a_ACRONYM,T2_NUMERIC,oof_predicted_rate_per_10k,0.42777640252493593,0.2,0.1638591117917305
T1a_ACRONYM__T2_NUMERIC,T1a_ACRONYM,T2_NUMERIC,oof_predicted_rate_per_10k,0.42777640252493593,0.3,0.24183006535947713
T1a_ACRONYM__T3_CLAIM,T1a_ACRONYM,T3_CLAIM,oof_predicted_rate_per_10k,0.7203157847528414,0.05,0.1949685534591195
T1a_ACRONYM__T3_CLAIM,T1a_ACRONYM,T3_CLAIM,oof_predicted_rate_per_10k,0.7203157847528414,0.1,0.2582781456953642
T1a_ACRONYM__T3_CLAIM,T1a_ACRONYM,T3_CLAIM,oof_predicted_rate_per_10k,0.7203157847528414,0.2,0.39194139194139194
T1a_ACRONYM__T3_CLAIM,T1a_ACRONYM,T3_CLAIM,oof_predicted_rate_per_10k,0.7203157847528414,0.3,0.4863102998696219
T2_NUMERIC__T3_CLAIM,T2_NUMERIC,T3_CLAIM,oof_predicted_rate_per_10k,0.4204006725054405,0.05,0.06741573033707865
T2_NUMERIC__T3_CLAIM,T2_NUMERIC,T3_CLAIM,oof_predicted_rate_per_10k,0.4204006725054405,0.1,0.10465116279069768
T2_NUMERIC__T3_CLAIM,T2_NUMERIC,T3_CLAIM,oof_predicted_rate_per_10k,0.4204006725054405,0.2,0.20443740095087162
T2_NUMERIC__T3_CLAIM,T2_NUMERIC,T3_CLAIM,oof_predicted_rate_per_10k,0.4204006725054405,0.3,0.2765957446808511
