task,budget_type,budget_fraction,strategy,ranking_score,selected_papers,actual_token_fraction,captured_instances,total_instances,capture_fraction,lift,ci_low,ci_high,specific_gain_over_common,relative_gain,gain_ci_low,gain_ci_high,random_repeats
T1a_ACRONYM,paper_count,0.2,common,mean_average_tie_percentiles_of_three_oof_predicted_count_scores,380.0,0.296500928994464,3529.0,13547.0,0.26050047981102825,1.3025023990551412,0.24593287606825787,0.2793769043532691,,,,,
T1a_ACRONYM,paper_count,0.2,random,uniform_random_paper_order,380.0,0.2002023933054477,2711.2396,13547.0,0.20013579390270972,1.0006789695135485,0.18528087399424226,0.2152506089909205,,,,,10000.0
T1a_ACRONYM,paper_count,0.2,task_specific,oof_predicted_count,380.0,0.3322122151911691,3713.0,13547.0,0.27408282276518786,1.3704141138259391,0.2559593327186291,0.2910866841689244,0.01358234295415961,0.05213941626523101,-0.004892430931264042,0.026450041311732966,
T1a_ACRONYM,source_token,0.2,common,mean_average_tie_percentiles_of_three_oof_predicted_rate_scores,472.0,0.19986513227373204,3200.0,13547.0,0.23621466007234074,1.1810733003617035,0.219445820249035,0.25107585024910417,,,,,
T1a_ACRONYM,source_token,0.2,random,uniform_random_paper_order,379.1637,0.19967683773380374,2705.5223,13547.0,0.19971375950395015,0.9985687975197507,0.18528087399424226,0.21458625525946703,,,,,10000.0
T1a_ACRONYM,source_token,0.2,task_specific,oof_predicted_rate_per_10k,451.0,0.1997552308055663,3255.0,13547.0,0.2402745995423341,1.2013729977116705,0.22328071363298432,0.2558108511209011,0.004059939469993362,0.017187500000000026,-0.01056822522265305,0.01918420630552251,
T2_NUMERIC,paper_count,0.2,common,mean_average_tie_percentiles_of_three_oof_predicted_count_scores,380.0,0.296500928994464,12500.0,41519.0,0.3010669813820179,1.5053349069100892,0.2824669539283426,0.3184645219313269,,,,,
T2_NUMERIC,paper_count,0.2,random,uniform_random_paper_order,380.0,0.20017577645811754,8312.483,41519.0,0.2002091331679474,1.0010456658397369,0.18499963871962233,0.21604687010766155,,,,,10000.0
T2_NUMERIC,paper_count,0.2,task_specific,oof_predicted_count,380.0,0.3350067383930618,13815.0,41519.0,0.33273922782340615,1.6636961391170306,0.31376449914520355,0.3521840772760508,0.031672246441388274,0.10519999999999997,0.015258961197180098,0.050747449403577914,
T2_NUMERIC,source_token,0.2,common,mean_average_tie_percentiles_of_three_oof_predicted_rate_scores,472.0,0.19986513227373204,9024.0,41519.0,0.21734627519930635,1.0867313759965318,0.20433504031533975,0.23061747444031663,,,,,
T2_NUMERIC,source_token,0.2,random,uniform_random_paper_order,379.1452,0.1996765250763594,8284.9002,41519.0,0.19954479154122265,0.9977239577061132,0.18627556058671932,0.21291456923336305,,,,,10000.0
T2_NUMERIC,source_token,0.2,task_specific,oof_predicted_rate_per_10k,412.0,0.19979957087995573,9044.0,41519.0,0.21782798236951756,1.0891399118475877,0.2039151546498627,0.2309319627555904,0.00048170717021120413,0.002216312056737476,-0.014929170107217032,0.014572587057944815,
T3_CLAIM,paper_count,0.2,common,mean_average_tie_percentiles_of_three_oof_predicted_count_scores,380.0,0.296500928994464,3134.0,11689.0,0.26811532209769867,1.3405766104884933,0.24330744988096323,0.29345218595959643,,,,,
T3_CLAIM,paper_count,0.2,random,uniform_random_paper_order,380.0,0.20021395017134344,2343.9768,11689.0,0.20052842843699203,1.00264214218496,0.17939943536658398,0.2220035931217384,,,,,10000.0
T3_CLAIM,paper_count,0.2,task_specific,oof_predicted_count,380.0,0.2310180790661421,4056.0,11689.0,0.3469928993070408,1.734964496535204,0.3215715771513223,0.3726378631026316,0.07887757720934213,0.29419272495213794,0.05376789126702743,0.10534222158390097,
T3_CLAIM,source_token,0.2,common,mean_average_tie_percentiles_of_three_oof_predicted_rate_scores,472.0,0.19986513227373204,4213.0,11689.0,0.3604243305671999,1.8021216528359996,0.33298346579374194,0.3867579033071856,,,,,
T3_CLAIM,source_token,0.2,random,uniform_random_paper_order,379.2282,0.19967442580352768,2336.5921,11689.0,0.19989666352981464,0.9994833176490732,0.1773462229446488,0.22354350243818974,,,,,10000.0
T3_CLAIM,source_token,0.2,task_specific,oof_predicted_rate_per_10k,498.0,0.19992015790658924,4868.0,11689.0,0.4164599195825135,2.0822995979125674,0.388095387064843,0.44146175923152686,0.05603558901531358,0.1554711606930929,0.028232495595687364,0.08062268095135419,
