EM,NEM,case_insensitive_normalized_em,generation_hit_max_new_tokens_count,instances,long_form_containment_rate,scale,seed,target_containment_rate,task,template_id,training_tokens,runtime_seconds,final_loss,peak_gpu_memory_bytes,optimizer_steps,adapter_sha256,numeric_value_containment_rate,operator_preservation_accuracy,operator_preservation_instances,unit_preservation_accuracy,unit_preservation_instances,claim_containment_rate,condition_preservation_accuracy,condition_preservation_instances,negation_preservation_accuracy,negation_preservation_instances,token_f1,token_precision,token_recall,uncertainty_preservation_accuracy,uncertainty_preservation_instances
0.8633333333333333,0.8633333333333333,0.8966666666666666,0,300,0.89,100,42,0.89,T1a_ACRONYM,TEMPLATE_0_PRIMARY,101961,52.29012150003109,0.01856495440006256,9571444736,39,f4016cd11406e3c38ba852553e3bf998546624e15fcd37bccaa3f93802bb7cd8,,,,,,,,,,,,,,,
0.8633333333333333,0.8633333333333333,0.8933333333333333,0,300,0.89,100,271828,0.89,T1a_ACRONYM,TEMPLATE_0_PRIMARY,101961,51.12263050000183,0.003749065101146698,9571444736,39,df1a7a07298180b80ceafa674d93b8a7069b953d0d35024bd907e194775bdc15,,,,,,,,,,,,,,,
0.8533333333333334,0.8533333333333334,0.88,0,300,0.8933333333333333,100,314159,0.8933333333333333,T1a_ACRONYM,TEMPLATE_0_PRIMARY,101961,52.27774489996955,0.0032654423266649246,9571444736,39,009d51e209fa02704a3bb4a9132862acd6a220b7dba6c4852c4d151fdac45431,,,,,,,,,,,,,,,
0.8866666666666667,0.8866666666666667,0.9066666666666666,0,300,0.9166666666666666,250,42,0.9166666666666666,T1a_ACRONYM,TEMPLATE_0_PRIMARY,258951,129.76127440005075,0.005261459853500128,10673133056,96,aa0a78112db45083919e54ea6b5f2ce79496d544841762ba8d87ce16216ba3e9,,,,,,,,,,,,,,,
0.9,0.9,0.91,0,300,0.93,250,271828,0.93,T1a_ACRONYM,TEMPLATE_0_PRIMARY,258951,141.2120367999887,0.0008918956154957414,10673133056,96,260a6450a08fb7722c2d678092b4faaaf9e0cd786e926933a98b916dfd937182,,,,,,,,,,,,,,,
0.9033333333333333,0.9033333333333333,0.92,0,300,0.9266666666666666,250,314159,0.9266666666666666,T1a_ACRONYM,TEMPLATE_0_PRIMARY,258951,130.9194850999629,0.0012361450353637338,10673133056,96,5925319333f08caba62ec49d0b4f17157a954fae280af046cfb2f203c2b8e206,,,,,,,,,,,,,,,
0.9266666666666666,0.9266666666666666,0.93,0,300,0.9433333333333334,500,42,0.9433333333333334,T1a_ACRONYM,TEMPLATE_0_PRIMARY,516474,267.5250413999893,0.0025682495906949043,10673133056,189,06b3d9fb3b7c52fc12486ae9159cffaad6d42aefb0a8ad4c32d02446eff59371,,,,,,,,,,,,,,,
0.9366666666666666,0.9366666666666666,0.9366666666666666,0,300,0.9566666666666667,500,271828,0.9566666666666667,T1a_ACRONYM,TEMPLATE_0_PRIMARY,516474,269.2786636999808,0.0009068602230399847,10673133056,189,cff6878fb32f92ad06bab9c7cbdf415424e3ff3bb9d6357901cf8362ad6186df,,,,,,,,,,,,,,,
0.9166666666666666,0.9166666666666666,0.9233333333333333,0,300,0.9333333333333333,500,314159,0.9333333333333333,T1a_ACRONYM,TEMPLATE_0_PRIMARY,516474,343.10226710001007,0.00023349476396106184,10673133056,189,c64cd2bf44b9983125b092af39a3874eec2271a5ee40ac1bcd4413654ae5749a,,,,,,,,,,,,,,,
0.9366666666666666,0.9366666666666666,0.94,0,300,0.9566666666666667,1000,42,0.9566666666666667,T1a_ACRONYM,TEMPLATE_0_PRIMARY,1033038,541.9423138999846,0.0001284829922951758,10680437248,375,19934bd452a75f412ee5dd545e24ee6abf1d8a99fa493bcabf34b3301e4236ef,,,,,,,,,,,,,,,
0.94,0.94,0.94,0,300,0.9566666666666667,1000,271828,0.9566666666666667,T1a_ACRONYM,TEMPLATE_0_PRIMARY,1033038,539.9349459999939,0.0007177930674515665,10681294848,375,b6ed57b0a4adea176eb195081153a1e4123c267fe1fb76e9c8366cb206cf552f,,,,,,,,,,,,,,,
0.94,0.94,0.94,0,300,0.96,1000,314159,0.96,T1a_ACRONYM,TEMPLATE_0_PRIMARY,1033038,543.5260270000435,0.001101596630178392,10680437248,375,627fba18b0ef55210b18f363402590ee0d5552c6de062a43214c987c0e704982,,,,,,,,,,,,,,,
0.9466666666666667,0.9466666666666667,0.95,1,300,0.9666666666666667,2000,42,0.9666666666666667,T1a_ACRONYM,TEMPLATE_0_PRIMARY,2041488,1143.5667266999371,0.0002435867500025779,10680437248,750,3057ef56cf3c4334bf27af04ff2f3738849ab217a7048d3167cc34d6a841c847,,,,,,,,,,,,,,,
0.95,0.95,0.9533333333333334,0,300,0.97,2000,271828,0.97,T1a_ACRONYM,TEMPLATE_0_PRIMARY,2041488,1506.1311584999785,0.0004114450130145997,10680437248,750,af0d5fae55316f207ea262d26c47f8e82988c8f0da3445214ec2a723e5cc2a5a,,,,,,,,,,,,,,,
0.95,0.95,0.9533333333333334,0,300,0.97,2000,314159,0.97,T1a_ACRONYM,TEMPLATE_0_PRIMARY,2041488,1064.5981034999713,0.00021880134590901434,10680437248,750,ae6e1d9f66b0e9597275eba651d07ea51155887831b073fd46ddbe415bbe411b,,,,,,,,,,,,,,,
0.84,0.84,,0,300,,100,42,0.9066666666666666,T2_NUMERIC,TEMPLATE_0_PRIMARY,94266,48.664170200005174,0.01712140627205372,9491493376,39,97d1027e1bb49e63e778aae8362a248d15625aabe8706fba8191a413b1dc2b47,0.9266666666666666,0.25,4.0,0.902027027027027,296.0,,,,,,,,,,
0.85,0.85,,0,300,,100,271828,0.9233333333333333,T2_NUMERIC,TEMPLATE_0_PRIMARY,94266,48.33005540003069,0.02343270182609558,9490944512,39,55bb31b14110e71aad70b07372d4ca7cd5ad8b02dc155e381552df461e7ca1cb,0.9333333333333333,0.25,4.0,0.8952702702702703,296.0,,,,,,,,,,
0.84,0.84,,0,300,,100,314159,0.91,T2_NUMERIC,TEMPLATE_0_PRIMARY,94266,47.95133920002263,0.000645511201582849,9491378688,39,8bfdd3697cc5c3b4fbc717a29213d98d30c1c13b33033afc9659a3cf2e28b47f,0.9266666666666666,0.25,4.0,0.8952702702702703,296.0,,,,,,,,,,
0.9266666666666666,0.9266666666666666,,0,300,,250,42,0.9666666666666667,T2_NUMERIC,TEMPLATE_0_PRIMARY,232005,121.53104789997451,0.0012073019752278924,10620934656,96,3d0e4f3f92cc5761562e08325bb45b844d6b96408b1cf25b4ca4559884590bcb,0.9766666666666667,0.75,4.0,0.9493243243243243,296.0,,,,,,,,,,
0.92,0.92,,0,300,,250,271828,0.97,T2_NUMERIC,TEMPLATE_0_PRIMARY,232005,120.74051929998677,0.0010810501407831907,10620934656,96,7c195c2ff0f4df05a5ffc463b9439852408d82f9b3dd87929e254c5b0be6d53d,0.9766666666666667,0.75,4.0,0.9459459459459459,296.0,,,,,,,,,,
0.9233333333333333,0.9233333333333333,,0,300,,250,314159,0.9666666666666667,T2_NUMERIC,TEMPLATE_0_PRIMARY,232005,122.4206664999947,0.00012860583956353366,10620934656,96,fa2d7b535fe1259c5083d2857c4d481067ecaa5e40e79475c3e609dc10cf9318,0.9733333333333334,0.75,4.0,0.9459459459459459,296.0,,,,,,,,,,
0.9366666666666666,0.9366666666666666,,0,300,,500,42,0.9766666666666667,T2_NUMERIC,TEMPLATE_0_PRIMARY,454542,239.1639685999835,0.0005650529055856168,10728081408,189,81892a9d1111e5fa872627f7f46b119e41042599edec5a2c751786b9d0f44a0d,0.98,0.75,4.0,0.9527027027027027,296.0,,,,,,,,,,
0.9466666666666667,0.9466666666666667,,0,300,,500,271828,0.99,T2_NUMERIC,TEMPLATE_0_PRIMARY,454542,238.62908280000556,0.07430501282215118,10728040448,189,b5b58dcd255cbd6e9947ee5f1c46907621940d5a43e939f04949803ba10297fe,0.9933333333333333,1.0,4.0,0.9527027027027027,296.0,,,,,,,,,,
0.93,0.93,,0,300,,500,314159,0.97,T2_NUMERIC,TEMPLATE_0_PRIMARY,454542,238.85869749996345,0.0002331351861357689,10728040448,189,861b8ab429557da0afb8ef0016ae6f6f856d1a8ddc9475c7dce08d901dcd47cf,0.9766666666666667,0.75,4.0,0.9527027027027027,296.0,,,,,,,,,,
0.95,0.95,,0,300,,1000,42,0.9766666666666667,T2_NUMERIC,TEMPLATE_0_PRIMARY,912459,480.9235768999206,0.0009993095882236958,10728040448,375,58adcc904facd1d9a90b9a1cba8dd9ccc36b4747063a24760c3c24821690d311,0.98,1.0,4.0,0.9763513513513513,296.0,,,,,,,,,,
0.96,0.96,,0,300,,1000,271828,0.9866666666666667,T2_NUMERIC,TEMPLATE_0_PRIMARY,912459,488.3673656000756,8.225686906371266e-05,10728040448,375,785df8e244af8a82691f52d59abddd5424d6d8ce2d80f49e1dafbb100d2ea7b9,0.9933333333333333,1.0,4.0,0.9662162162162162,296.0,,,,,,,,,,
0.9533333333333334,0.9533333333333334,,0,300,,1000,314159,0.9833333333333333,T2_NUMERIC,TEMPLATE_0_PRIMARY,912459,530.6089405999519,0.0008459173259325325,10728040448,375,859a8624289a4b20b0ab5c59f37d7c2827a0a0bcb4d91468ffcb3aa274503830,0.99,1.0,4.0,0.9662162162162162,296.0,,,,,,,,,,
0.9766666666666667,0.9766666666666667,,0,300,,2000,42,0.9966666666666667,T2_NUMERIC,TEMPLATE_0_PRIMARY,1840416,937.2211809,4.0195493056671694e-05,10729048064,750,abb1ef5816499a38e0fe427b0e5d788bbc5d0b0f218c7a1ef3060ca927379b1e,1.0,1.0,4.0,0.9763513513513513,296.0,,,,,,,,,,
0.9733333333333334,0.9733333333333334,,0,300,,2000,271828,1.0,T2_NUMERIC,TEMPLATE_0_PRIMARY,1840416,980.0770617999369,0.0003176205500494689,10728040448,750,785c664712a91350ac91488a6300a89920a30e94a5a4888b9bfd23ee713c7597,1.0,1.0,4.0,0.9797297297297297,296.0,,,,,,,,,,
0.9766666666666667,0.9766666666666667,,0,300,,2000,314159,0.9933333333333333,T2_NUMERIC,TEMPLATE_0_PRIMARY,1840416,943.9472996999975,4.228801844874397e-05,10729089024,750,2270a8d1a74bd27bdb88b38ed850bb84effa71a74ae7bf12b595e86f4473dd88,1.0,1.0,4.0,0.9763513513513513,296.0,,,,,,,,,,
0.28668941979522183,0.28668941979522183,,4,293,,100,42,0.31399317406143346,T3_CLAIM,TEMPLATE_0_PRIMARY,188205,173.57358700002078,0.05290226638317108,10943477760,39,7ef3707bf4312da08982b7bb07b63e999e8b0f0037243501b2c7e5d22277360e,,,,,,0.31399317406143346,0.35353535353535354,99.0,0.3333333333333333,21.0,0.46600166034495105,0.48223016803849794,0.47584753065653634,0.3333333333333333,39.0
0.31399317406143346,0.31399317406143346,,1,293,,100,271828,0.3378839590443686,T3_CLAIM,TEMPLATE_0_PRIMARY,188205,84.59422569989692,0.03414011001586914,10939984896,39,004ce848e23bf2831e9fa3e840f2900b18553ec3e56502acf15520b38b88274f,,,,,,0.3378839590443686,0.3939393939393939,99.0,0.2857142857142857,21.0,0.480477405230949,0.49557926252281403,0.48938209421984286,0.3333333333333333,39.0
0.2832764505119454,0.2832764505119454,,1,293,,100,314159,0.31399317406143346,T3_CLAIM,TEMPLATE_0_PRIMARY,188205,83.11731209990103,0.49378013610839844,10939984896,39,db9668aca43e3bdad0d791cc3777f1958e9f224bb09eed29e348b78130666be4,,,,,,0.31399317406143346,0.3838383838383838,99.0,0.19047619047619047,21.0,0.4596165474652136,0.47131926175385763,0.4711895761279821,0.2564102564102564,39.0
0.30716723549488056,0.30716723549488056,,3,293,,250,42,0.3310580204778157,T3_CLAIM,TEMPLATE_0_PRIMARY,449373,199.026615699986,0.061070919036865234,11152552960,96,35123f972439b8da15b1769afb685204fe7424c6971a49b12ce07fc122fb1da5,,,,,,0.3310580204778157,0.42424242424242425,99.0,0.5714285714285714,21.0,0.4761010835552602,0.48977675821226374,0.48579900616394855,0.358974358974359,39.0
0.32764505119453924,0.32764505119453924,,2,293,,250,271828,0.3515358361774744,T3_CLAIM,TEMPLATE_0_PRIMARY,449373,199.23937919992022,0.03607015684247017,11152552960,96,330d1e51fdeedc307cfef5b39f0373ab9d2832759cabed6473c71f929bcb0397,,,,,,0.3515358361774744,0.47474747474747475,99.0,0.42857142857142855,21.0,0.4868781338229449,0.49753198755374317,0.4983172078320211,0.3333333333333333,39.0
0.32764505119453924,0.32764505119453924,,1,293,,250,314159,0.3515358361774744,T3_CLAIM,TEMPLATE_0_PRIMARY,449373,199.67130310006905,0.014769556000828743,11123061760,96,9a307f8399526ab2c6b58c0e69d288e126fd8ee69bfbb72b96f6cceb4787b934,,,,,,0.3515358361774744,0.45454545454545453,99.0,0.42857142857142855,21.0,0.4887126624581192,0.4990015936014504,0.4982903566653286,0.48717948717948717,39.0
0.3242320819112628,0.3242320819112628,,2,293,,500,42,0.3378839590443686,T3_CLAIM,TEMPLATE_0_PRIMARY,883944,395.97031379991677,0.018288133665919304,11152552960,189,fde4bbd25fd43a010c35e01e4b6806ad449de736801aa26c7729cc193f09e553,,,,,,0.3378839590443686,0.42424242424242425,99.0,0.47619047619047616,21.0,0.4736045484141304,0.4885534520250302,0.4803993957778724,0.46153846153846156,39.0
0.3174061433447099,0.3174061433447099,,2,293,,500,271828,0.3412969283276451,T3_CLAIM,TEMPLATE_0_PRIMARY,883944,397.4032167000696,0.02678903564810753,11152552960,189,377727a8ae8fc1e25d94fccb106663c095411fd5bd976571ba70c91db6c570d4,,,,,,0.3412969283276451,0.3838383838383838,99.0,0.47619047619047616,21.0,0.47498311642593105,0.49029932606504634,0.4812317597241726,0.48717948717948717,39.0
0.3242320819112628,0.3242320819112628,,3,293,,500,314159,0.3412969283276451,T3_CLAIM,TEMPLATE_0_PRIMARY,883944,415.9093215999892,0.014381330460309982,11152552960,189,959b4f4ceb3f81db69f680e66c9e30c8c6e9cf86f5d7386efcf4237dff53aa98,,,,,,0.3412969283276451,0.42424242424242425,99.0,0.42857142857142855,21.0,0.47283222466309205,0.48226041599241415,0.481504212860526,0.4358974358974359,39.0
0.447098976109215,0.447098976109215,,1,293,,1000,42,0.4539249146757679,T3_CLAIM,TEMPLATE_0_PRIMARY,1781886,807.9600206000032,0.02873285673558712,11152552960,375,61e3ab088558d41ae332e76a62b4ebcd2c27dcaf6d41c5682cd3316d2f9d71e8,,,,,,0.4539249146757679,0.5050505050505051,99.0,0.5238095238095238,21.0,0.5669196699957149,0.5757878180051792,0.5725668981509746,0.5384615384615384,39.0
0.41638225255972694,0.41638225255972694,,2,293,,1000,271828,0.4334470989761092,T3_CLAIM,TEMPLATE_0_PRIMARY,1781886,799.0814676000737,0.006559366825968027,11152552960,375,6c59a53bb1857dbebbca87a118bea0468e728ca1dc5d334010579663b6c2a738,,,,,,0.4334470989761092,0.5151515151515151,99.0,0.47619047619047616,21.0,0.5459342395244124,0.5543911911479923,0.5540816854784306,0.5384615384615384,39.0
0.45051194539249145,0.45051194539249145,,1,293,,1000,314159,0.4641638225255973,T3_CLAIM,TEMPLATE_0_PRIMARY,1781886,808.3760595000349,0.008569326251745224,11152552960,375,c8052e864842420beb52cfd1b4bd833b95d609bc605d98e3ca1872fa9f2041b3,,,,,,0.4641638225255973,0.5151515151515151,99.0,0.5714285714285714,21.0,0.5751392451996601,0.5853496913265097,0.5795903378396593,0.6153846153846154,39.0
0.7952218430034129,0.7952218430034129,,3,293,,2000,42,0.8088737201365188,T3_CLAIM,TEMPLATE_0_PRIMARY,3640149,1685.3963958000531,0.00713413255289197,11152552960,750,f2380327d03b6c1270762d21a52adb7f4a51ce7b3928a446021856322c77dcdd,,,,,,0.8088737201365188,0.8181818181818182,99.0,0.9047619047619048,21.0,0.8502155138656697,0.8555370922314559,0.8562084339435371,0.9743589743589743,39.0
0.8600682593856656,0.8600682593856656,,1,293,,2000,271828,0.863481228668942,T3_CLAIM,TEMPLATE_0_PRIMARY,3640149,1641.9032785,0.0010363664478063583,11153330176,750,e41cd659926773904e344129dcc1455e1fdba7b0d03423fd10da3872932fdb6a,,,,,,0.863481228668942,0.8585858585858586,99.0,0.8571428571428571,21.0,0.9046712025509874,0.9078319350382292,0.9087136506605781,0.9230769230769231,39.0
0.757679180887372,0.757679180887372,,1,293,,2000,314159,0.764505119453925,T3_CLAIM,TEMPLATE_0_PRIMARY,3640149,1657.8694528000196,0.02258429490029812,11152552960,750,e1e694bc9fe8503cddc5c28c297e637c150412792e9579a04c1d37beb4a409fa,,,,,,0.764505119453925,0.7676767676767676,99.0,0.8571428571428571,21.0,0.8175713842306577,0.8187085911571754,0.8265368809689912,0.8974358974358975,39.0
