task,scale,NEM_mean,NEM_sd,NEM_min,NEM_max
T1a_ACRONYM,100,0.86,0.005773502691896199,0.8533333333333334,0.8633333333333333
T1a_ACRONYM,250,0.8966666666666666,0.008819171036881943,0.8866666666666667,0.9033333333333333
T1a_ACRONYM,500,0.9266666666666666,0.010000000000000009,0.9166666666666666,0.9366666666666666
T1a_ACRONYM,1000,0.9388888888888888,0.001924500897298733,0.9366666666666666,0.94
T1a_ACRONYM,2000,0.9488888888888889,0.001924500897298733,0.9466666666666667,0.95
T2_NUMERIC,100,0.8433333333333333,0.005773502691896262,0.84,0.85
T2_NUMERIC,250,0.9233333333333333,0.0033333333333332993,0.92,0.9266666666666666
T2_NUMERIC,500,0.9377777777777778,0.008388704928078583,0.93,0.9466666666666667
T2_NUMERIC,1000,0.9544444444444444,0.005091750772173153,0.95,0.96
T2_NUMERIC,2000,0.9755555555555556,0.001924500897298733,0.9733333333333334,0.9766666666666667
T3_CLAIM,100,0.2946530147895336,0.016835777687086176,0.2832764505119454,0.31399317406143346
T3_CLAIM,250,0.32081911262798635,0.01182287240661348,0.30716723549488056,0.32764505119453924
T3_CLAIM,500,0.32195676905574516,0.00394095746887116,0.3174061433447099,0.3242320819112628
T3_CLAIM,1000,0.4379977246871445,0.01879716910336554,0.41638225255972694,0.45051194539249145
T3_CLAIM,2000,0.8043230944254836,0.05179773578080646,0.757679180887372,0.8600682593856656
