task,scale,reference_scale,point_N2000_minus_N,ci95_low,ci95_high,one_sided_ucb95,delta_nem,practically_equivalent,bootstrap_replicates,bootstrap_seed,method
T1a_ACRONYM,100,2000,0.08888888888888886,0.06999999999999999,0.10888888888888888,0.10666666666666667,0.02,False,10000,SHA256(C2_BOOTSTRAP_V1|task|scale),outer resampling of three training seeds; inner paired resampling of frozen Eval examples
T1a_ACRONYM,250,2000,0.05222222222222217,0.035555555555555556,0.07111111111111111,0.06777777777777777,0.02,False,10000,SHA256(C2_BOOTSTRAP_V1|task|scale),outer resampling of three training seeds; inner paired resampling of frozen Eval examples
T1a_ACRONYM,500,2000,0.022222222222222216,0.008888888888888889,0.03777777777777778,0.03444444444444445,0.02,False,10000,SHA256(C2_BOOTSTRAP_V1|task|scale),outer resampling of three training seeds; inner paired resampling of frozen Eval examples
T1a_ACRONYM,1000,2000,0.010000000000000009,0.0011111111111111111,0.01888888888888889,0.017777777777777778,0.02,True,10000,SHA256(C2_BOOTSTRAP_V1|task|scale),outer resampling of three training seeds; inner paired resampling of frozen Eval examples
T2_NUMERIC,100,2000,0.13222222222222227,0.10888888888888888,0.15666666666666665,0.15222222222222223,0.02,False,10000,SHA256(C2_BOOTSTRAP_V1|task|scale),outer resampling of three training seeds; inner paired resampling of frozen Eval examples
T2_NUMERIC,250,2000,0.052222222222222246,0.03777777777777778,0.06777777777777777,0.06555555555555555,0.02,False,10000,SHA256(C2_BOOTSTRAP_V1|task|scale),outer resampling of three training seeds; inner paired resampling of frozen Eval examples
T2_NUMERIC,500,2000,0.0377777777777778,0.022222222222222223,0.05555555555555555,0.052222222222222225,0.02,False,10000,SHA256(C2_BOOTSTRAP_V1|task|scale),outer resampling of three training seeds; inner paired resampling of frozen Eval examples
T2_NUMERIC,1000,2000,0.021111111111111153,0.008888888888888889,0.034444444444444444,0.03222222222222223,0.02,False,10000,SHA256(C2_BOOTSTRAP_V1|task|scale),outer resampling of three training seeds; inner paired resampling of frozen Eval examples
T3_CLAIM,100,2000,0.50967007963595,0.4584755403868032,0.5585893060295791,0.5517633674630261,0.02,False,10000,SHA256(C2_BOOTSTRAP_V1|task|scale),outer resampling of three training seeds; inner paired resampling of frozen Eval examples
T3_CLAIM,250,2000,0.48350398179749715,0.422070534698521,0.5426621160409556,0.5335608646188851,0.02,False,10000,SHA256(C2_BOOTSTRAP_V1|task|scale),outer resampling of three training seeds; inner paired resampling of frozen Eval examples
T3_CLAIM,500,2000,0.48236632536973834,0.422070534698521,0.5460750853242321,0.5358361774744028,0.02,False,10000,SHA256(C2_BOOTSTRAP_V1|task|scale),outer resampling of three training seeds; inner paired resampling of frozen Eval examples
T3_CLAIM,1000,2000,0.366325369738339,0.29806598407281,0.44254835039817975,0.43117178612059154,0.02,False,10000,SHA256(C2_BOOTSTRAP_V1|task|scale),outer resampling of three training seeds; inner paired resampling of frozen Eval examples
