task,scale,primary_mean_NEM,paraphrase_mean_NEM,worst_template_mean_NEM,template_sd,template0_NEM,template1_NEM,template2_NEM
T1a_ACRONYM,100,0.86,0.8422222222222222,0.8177777777777777,0.026511896545441938,0.86,0.8666666666666667,0.8177777777777777
T1a_ACRONYM,1000,0.9388888888888888,0.9327777777777777,0.9322222222222223,0.0035717225040713956,0.9388888888888888,0.9322222222222223,0.9333333333333332
T1a_ACRONYM,2000,0.9488888888888889,0.9388888888888888,0.9388888888888888,0.005773502691896327,0.9488888888888889,0.9388888888888888,0.9388888888888888
T2_NUMERIC,100,0.8433333333333333,0.7605555555555557,0.7188888888888889,0.06340476803090989,0.8433333333333333,0.8022222222222223,0.7188888888888889
T2_NUMERIC,1000,0.9544444444444444,0.9444444444444444,0.9333333333333332,0.01252158629953856,0.9544444444444444,0.9555555555555556,0.9333333333333332
T2_NUMERIC,2000,0.9755555555555556,0.9688888888888889,0.9655555555555555,0.005091750772173225,0.9755555555555556,0.9722222222222223,0.9655555555555555
T3_CLAIM,100,0.2946530147895336,0.2571103526734926,0.2377701934015927,0.029049249908540874,0.2946530147895336,0.27645051194539244,0.2377701934015927
T3_CLAIM,1000,0.4379977246871445,0.4169510807736063,0.39362912400455063,0.02629766924169252,0.4379977246871445,0.44027303754266206,0.39362912400455063
T3_CLAIM,2000,0.8043230944254836,0.7849829351535835,0.7815699658703071,0.011675998724566334,0.8043230944254836,0.78839590443686,0.7815699658703071
